918877396673146880,SneakPeek
918877396673146880,AILA17
918686104617914368,JesusCampos
918877400590462976,job
918877400590462976,Carlsbad
918877400590462976,internship
918877400590462976,Hiring
918877401609748480,job
918877401609748480,CustomerService
918877401609748480,Surrey
918877401718902785,TrumpTaxScam
918877399952998401,school
918877399952998401,teachers
918877399952998401,weather
918877399952998401,kids
918877402272432128,hiring
918877402272432128,SONIC
918877402272432128,Hospitality
918877402272432128,Surprise
918877402272432128,Job
918877402272432128,Jobs
918877402142597121,StoptheHIT
918877402607972352,job
918877402607972352,NewYork
918877402607972352,Sales
918877402607972352,Hiring
918877402607972352,CareerArc
918877402456981504,antifa
918877402456981504,blocked
918877402326904833,hiring
918877402326904833,job
918877402326904833,Finance
918877402326904833,Corning
918877404650598400,job
918877404650598400,IT
918877404650598400,Irvine
918877404650598400,Hiring
918877404650598400,CareerArc
918877404696780800,job
918877404696780800,Gilford
918877404696780800,Retail
918877404696780800,Hiring
918877404696780800,CareerArc
918877404755410945,hiring
918877404755410945,job
918877404755410945,customerservice
918877404755410945,CareerArc
918877404621426688,spookathon
918877405296574464,job
918877405296574464,StLouis
918877405296574464,CustomerService
918877405296574464,Hiring
918877405296574464,CareerArc
918877404189331457,Halloween
918877404189331457,scary
918877404189331457,home
918877404189331457,FridayThe13th
918877404189331457,RealEstate
918877404914962436,HomeDecor
918877404914962436,InteriorDesign
918877404914962436,Lighting
918877406491852800,LewisCenter
918877406491852800,job
918877406345142272,Tulsa
918877406345142272,Cosmetology
918877406345142272,Job
918877406345142272,Jobs
918877406345142272,Hiring
918877404642279429,Loon
918877404642279429,PuertoRico
918877407213424640,RealSinBiti
918877409142697984,mlbpostseason
918877409142697984,orioles
918877411042762752,Stockbridge
918877411042762752,job
918877411042762752,Transportation
918877411042762752,Hiring
918877411042762752,CareerArc
918877411772547072,job
918877411772547072,driver
918877411772547072,cdl
918877411772547072,Jackson
917837295625162753,ARTIST
917837295625162753,COMINGSOON
917837295625162753,NewEngland
917837295625162753,LIMITEDSEATING
918877412863152128,GettoKnow
918877412863152128,Artist
918877413727199234,FlyEaglesFly
918877414339612672,Batman
918877415065010179,LongBeach
918877415065010179,SkilledTrade
918877415065010179,Job
918877415065010179,Jobs
918877415065010179,Hiring
918877415757135872,EastPeoria
918877415757135872,job
918877415757135872,Retail
918877415757135872,Hiring
918877415757135872,CareerArc
918877417313144833,job
918877417313144833,Cosmetology
918877417313144833,Chino
918877417313144833,Hiring
918877417313144833,CareerArc
918877417317568517,BAONPDX
918877413777567744,KetchupMustards
918877416931520518,FettFriday
918877419389386754,job
918877419389386754,LenoirCity
918877419389386754,Labor
918877419389386754,Hiring
918877419389386754,CareerArc
918877421046259712,STARevents
918877421046259712,FCCLA
918877421046259712,CompetiveEvents
918877422963122176,Dolphins
918877423680110593,job
918877423680110593,GroveCity
918877423680110593,Manufacturing
918877423680110593,Hiring
918877423680110593,CareerArc
918877423973761024,Clovis
918877423973761024,Bartender
918877423973761024,Job
918877423973761024,Jobs
918877423973761024,Hiring
918877423973761024,CareerArc
918877423663321088,hiring
918877423663321088,job
918877423663321088,CustomerService
918877426964467713,LittleDonnieDipshit
918877426964467713,MoronDon
918877426964467713,Morongate
918877426964467713,Moron
918877426901401600,lovelight
918877426901401600,Lucifer
918877426901401600,Love
918877426901401600,Namaste
918877428872704000,ARENAOUT
918872108540813317,Sagittarius
918877429686341632,job
918877429686341632,Healthcare
918877429686341632,Indianapolis
918877429686341632,Hiring
918877428713512965,USMidAm
918877431271849984,hiring
918877431271849984,Tampa
918877431271849984,Healthcare
918877431271849984,Job
918877431271849984,Jobs
918877431271849984,CareerArc
918877432970493952,job
918877432970493952,Nursing
918877432970493952,Gresham
918877432970493952,Hiring
918877432970493952,CareerArc
918861035934646272,KillerInstinct
918877218553651200,Philadelphia
918877437076877312,MwakaMoon
918877437181784066,justbreathe
918877437181784066,youarealive
918877437181784066,fall
918877437181784066,embracechange
918877436305199105,RaceForTheCure
918877436305199105,ARnews
918877439299694593,job
918877439299694593,Greeneville
918877439299694593,Retail
918877439299694593,Hiring
918877439299694593,CareerArc
918877440130371585,AmericaFirst
918877440130371585,MAGA
918877440130371585,Trumpismypresident
918877438561566720,barwrestling
918877438561566720,nosellgrandma
918877439924695040,FridayThe13th
918877440927186944,Warwick
918877440927186944,job
918877440927186944,parttime
918877440927186944,Cashier
918877440927186944,Veterans
918877440927186944,Hiring
918877440927186944,CareerArc
918877440646115328,job
918877440646115328,MilSpouse
918877440646115328,DesMoines
918877440646115328,Hiring
918877440646115328,CareerArc
918877441753432064,naragansett
918877441753432064,rhodeisland
918877441753432064,design
918877441048788992,job
918877441048788992,Automotive
918877441048788992,SaukVillage
918877441048788992,Hiring
918877441048788992,CareerArc
918877441917042688,hiring
918877441917042688,job
918877441917042688,HealthWelfare
918877441917042688,Salem
918877441967382529,CNA
918877441967382529,job
918877441967382529,NewYork
918877441967382529,Nursing
918877441967382529,Hiring
918877441967382529,CareerArc
918877441459757056,hiring
918877441459757056,job
918877441459757056,Physician
918877441459757056,NewYork
918877441459757056,CareerArc
918877442281844736,job
918877442281844736,RestaurantLife
918877442281844736,MilSpouse
918877442281844736,EastPeoria
918877442281844736,Hiring
918877443754147840,job
918877443754147840,Healthcare
918877443754147840,Clovis
918877443754147840,Hiring
918877443754147840,CareerArc
918877443905277955,UnitedCycle
918877443905277955,nowplaying
918877443905277955,TheKinks
918877443905277955,cubevenue
918687269434769412,WomenBoycottTwitter
918877443926003713,hiring
918877443926003713,job
918877443926003713,SupplyChain
918877443926003713,Braintree
918877443926003713,CareerArc
918877442126897152,hcdsbbelieving
918877444790280193,lovelysboutique
918877444790280193,instyle
918877444790280193,ontrend
918877444790280193,swansboro
918877443590688768,ponchos
918877443590688768,fallclothes
918714487456153600,Rebecca
918714487456153600,santarosa
918714487456153600,santarosafire
918877448720203776,rebecca
918877446874660864,DigitalIE
918877446874660864,StrongWorkforce
918871317721513984,PeepGame
918877449747800064,hiring
918877449747800064,MountPleasant
918877449747800064,CDL
918877451283062784,Luxury
918877451283062784,Vacation
918877451283062784,travel
918877451283062784,LuxuryTravel
918877451283062784,sprucetoninn
918877453463859201,job
918877453463859201,Raleigh
918877453463859201,CustomerService
918877453463859201,Hiring
918877453463859201,CareerArc
918877455703781376,BREAKING
918877455955480576,OppositionDemos
918877455955480576,RailainLondon
918877456286830593,wiright
918877456286830593,wiunion
918877456286830593,wipolitics
918877457821843456,website
918877458014855174,Interview
918877458014855174,Fleshbot
918877459944271874,Trump
918877459944271874,BRUH
918877459944271874,UnFit
918877461433208832,friday
918877271628439553,LevelUp
918877464922861568,PSAT
918877464922861568,sisters
918877464516022274,FridayThe13th
918877463706591233,ImCPS
918877466541940736,FridayThe13th
918877466541940736,Friday
918877466541940736,Insurance
918877466541940736,Fall
918877466541940736,brokers
918877466541940736,October
918877466541940736,office
918877467837943809,besafe
918877467837943809,learningtoswim
918877467837943809,change
918877468450107393,help
918877468487860226,job
918877468487860226,DesMoines
918877468487860226,Sales
918877468487860226,Hiring
918877468487860226,CareerArc
918877468056080384,MCNAC17
918877467800154112,clever
918877469750411265,Branson
918877469750411265,Retail
918877469750411265,Job
918877469750411265,Jobs
918877469750411265,Hiring
918877469750411265,CareerArc
918877472099246081,wejusthaventmetyet
918877471868583936,photoshoot
918877471868583936,chicagophotographer
918877471868583936,familyphotos
918877471667257344,waterislife
918877474083278849,DemBowMix
918877474083278849,DaOne
918877472900435969,GOODBYEFROMLONELY
918877473408012288,Memphis
918877474917945344,Repost
918877474959777792,Montrose
918877474959777792,job
918877474959777792,Automotive
918877474959777792,Hiring
918877474452258816,FridayFeeling
918877474452258816,FBF
918877474452258816,TheProcess
918877475010101248,trendingOrange
918877477748883456,AllStars3
918877477748883456,sueme
918877477748883456,carlasn√∂w
918877477656776704,x3lcommunity
918877477656776704,twitchstreamer
918877477656776704,giveaway
918877477656776704,liveontwitch
918877477656776704,supportsmallstreamers
918620061144887296,SportslineTBT
918877478969516032,Walterboro
918877478969516032,job
918877479388921857,hiring
918877479388921857,job
918877479388921857,Nursing
918877479388921857,Albany
918877479388921857,CareerArc
918877479313448960,hiring
918877479313448960,job
918877479313448960,Labor
918877479313448960,NewOrleans
918877479502192645,hiring
918877479502192645,Indianapolis
918877479502192645,BusinessMgmt
918877479502192645,Job
918877478969421825,job
918877478969421825,Transportation
918877478969421825,Laredo
918877478969421825,Hiring
918877479770529792,job
918877479770529792,restaurant
918877479770529792,brunch
918877479770529792,CustomerService
918877479770529792,Worthington
918877479770529792,Hiring
918877480219320320,Mondovi
918877480219320320,job
918877480219320320,HR
918877480219320320,Hiring
918877480219320320,CareerArc
918877480085344256,kcfw
918877480965906432,job
918877480965906432,AntelopeValley
918877481855197185,job
918877481855197185,Westbrook
918877481855197185,CustomerService
918877481855197185,Hiring
918877481855197185,CareerArc
918877482337452033,PiscatawayTownship
918877482337452033,job
918877482337452033,Transportation
918877482337452033,Hiring
918877482337452033,CareerArc
918877483016921088,AlohaFriday
918877485600837634,TimeToTeach
918877485600837634,TrainerTraining
918877485600837634,EmpowerTeachersAndEducator
918877485600837634,LasVegas
918877486309445633,drawing
918877486309445633,penandink
918877486309445633,copic
918877486309445633,copicmarkers
918877486309445633,coloredpencil
918877486309445633,coloredpencils
918877486313648134,HairbyRoMorgan
918877485546192897,lucky
918877485546192897,FridayThe13th
918877486775123968,motorhead
918877486775123968,pearljam
918876746002284544,FridayThe13th
918877487278407681,mancold
918877486800343040,starbuckscoffee
918877488109023237,sunset
918877488109023237,clouds
918877488109023237,WNY
918877488109023237,upperNiagaraRiver
918877488109023237,sunlight
918877488109023237,bird
918877490029973504,lfa
918877490029973504,mma
918877490029973504,ufc
918877490826813441,songoftheday
918877490826813441,kolpix
918877490826813441,100monkeys
918823671568855040,StrangerThings
918877492525514753,hiring
918877492525514753,job
918877492525514753,Labor
918877492525514753,Dorchester
918877492525514753,CareerArc
918877493431492608,Pawtucket
918877493431492608,job
918877493431492608,Labor
918877493431492608,Hiring
918877493431492608,CareerArc
918877493876133888,NoMuslims
918877493876133888,ExtirpateThemAll
918877495692161024,hiring
918877495692161024,FacilitiesMgmt
918877495692161024,Lincoln
918877495692161024,Job
918877495692161024,Jobs
918877496417837057,fallweather
918875331964137472,Title
918877496573120512,DoBetter
918877497088917504,FuckOff
918877497088917504,PopularVoteLoser
918877497088917504,whinylittlebitch
918877498162778113,rent
918877498691141633,acoustic
918877498691141633,excited
918876375821336577,RamKindessChallenge
918877497860669440,NSDnow
918877501639811072,thankutomyex
918877505452359680,lacli
918877508883300352,job
918877508883300352,Restaurant
918877509780828160,Waldorf
918877509780828160,job
918877509780828160,Simon
918877509780828160,Hospitality
918877509780828160,Hiring
918877500800987136,Endomondo
918877500800987136,endorphins
918877513677451271,US1
918877516382724096,Longmont
918877516382724096,Job
918877516382724096,Jobs
918877516382724096,Hiring
918877516382724096,CareerArc
918877517464956928,DCMA
918877517464956928,Contract
918877517464956928,Analyst
918877517464956928,Hazelwood
917837295625162753,ARTIST
917837295625162753,COMINGSOON
917837295625162753,NewEngland
917837295625162753,LIMITEDSEATING
918877522938552320,GettoKnow
918877522938552320,Artist
918877525236953088,resist
918877513690042373,US1
918877529103986688,hiring
918877529103986688,IT
918877529103986688,Edmonton
918877529103986688,Job
918877529103986688,Jobs
918877529103986688,CareerArc
918877530580328448,FridayThe13th
918877531352178689,StLouis
918877531352178689,Healthcare
918877531352178689,Job
918877531352178689,Jobs
918877531352178689,Hiring
918877531352178689,CareerArc
918877531629113344,trump
918877532107055105,job
918877532107055105,Sales
918877532107055105,MountainView
918877532107055105,Hiring
918877532107055105,CareerArc
918877530563665920,TyreseAllen
918877530563665920,Sport360az
918877531259813889,voices4Chechyna
918877531897507840,hiring
918877531897507840,Chantilly
918877531897507840,Job
918877531897507840,Jobs
918877532895641602,job
918877532895641602,SanAntonio
918877532895641602,Hospitalist
918877532895641602,Physician
918877532895641602,Hiring
918877532895641602,CareerArc
918877533130690560,tweet
918877533654757376,Clermont
918877533654757376,Job
918877533654757376,Jobs
918877533654757376,Hiring
918877533654757376,CareerArc
918877533390508032,NewYork
918877533390508032,job
918877533390508032,CustomerService
918877533352837120,hiring
918877533352837120,ShelbyCharterTownship
918877533352837120,parttime
918877533352837120,Cashier
918877533390508032,NewYork
918877533390508032,job
918877533390508032,CustomerService
918877533877055488,job
918877533877055488,B2B
918877533877055488,Chicago
918877533877055488,Hiring
918877534124613632,job
918877534124613632,Islandia
918877534124613632,Hospitality
918877534124613632,Food
918877534124613632,Veterans
918877534124613632,Hiring
918877534124613632,CareerArc
918877533864542209,job
918877533864542209,Houston
918877533864542209,Professional
918877533864542209,Hiring
918877534275567616,DalyCity
918877534275567616,job
918877534275567616,hiring
918877534275567616,career
918877534275567616,CareerArc
918877534535630848,job
918877534535630848,Fredericton
918877534535630848,CustomerService
918877534535630848,Hiring
918877534535630848,CareerArc
918877534607085568,spooky
918877535118622721,job
918877535118622721,BarLouiejobs
918877535118622721,Bartender
918877535118622721,Westlake
918877535118622721,Hiring
918877535668117504,job
918877535668117504,Hiring
918877534447534080,lit
918877535852572672,Rockford
918877535852572672,IT
918877535852572672,Job
918877535852572672,Jobs
918877535852572672,Hiring
918877535852572672,CareerArc
918877536385302529,job
918877536385302529,regions
918877536385302529,regionsbank
918877536385302529,Finance
918877534930063361,friday
918233287239245824,ItCanWait
918877540500074496,PLEDGE
918877541255057408,littletanks
918877541255057408,craftbeer
918877541255057408,supportyourlocalbrewery
918877541255057408,craftcans
918877542215380993,BillClinton
918877542215380993,SexTrafficking
918877542215380993,HollywoodHypocrites
918877540801970177,fancywaterfriday
918877544992116738,beats
918877544992116738,producer
918877544992116738,music
918845424672428033,InternationalSkepticsDay
918845424672428033,FridayThe13th
918877546766356481,Friday13th
918877547252846593,ParentsBestToys
918877548368596992,popularvotewins
918877548674764800,SouthernNotState
918877549924511744,ROAD2THAEASTSIDE
918877549924511744,PCBEMPIRE
918877551011028997,gamification
918877551011028997,life
918877551011028997,tech
918877552583827457,Greenwood
918877554840358913,VSUHOMECOMING
918877558879395840,hiring
918877558879395840,Retail
918877558879395840,Tallulah
918877558879395840,Job
918877558879395840,Jobs
918877558879395840,CareerArc
918877559865032706,artusalawfirm
918877561639202818,nuclearsciweek
918877563249762304,corner
918877563249762304,mycozyfallhome
918877563249762304,repurposeddoor
