184545597,SneakPeek
184545597,AILA17
704041886089084928,JesusCampos
3290000472,job
3290000472,Carlsbad
3290000472,internship
3290000472,Hiring
41741635,job
41741635,CustomerService
41741635,Surrey
26204554,TrumpTaxScam
16379018,school
16379018,teachers
16379018,weather
16379018,kids
22488656,hiring
22488656,SONIC
22488656,Hospitality
22488656,Surprise
22488656,Job
22488656,Jobs
767388008223952897,StoptheHIT
20832061,job
20832061,NewYork
20832061,Sales
20832061,Hiring
20832061,CareerArc
389039294,antifa
389039294,blocked
233828472,hiring
233828472,job
233828472,Finance
233828472,Corning
27301447,job
27301447,IT
27301447,Irvine
27301447,Hiring
27301447,CareerArc
100240237,job
100240237,Gilford
100240237,Retail
100240237,Hiring
100240237,CareerArc
71957610,hiring
71957610,job
71957610,customerservice
71957610,CareerArc
822181595838869504,spookathon
72069496,job
72069496,StLouis
72069496,CustomerService
72069496,Hiring
72069496,CareerArc
481471259,Halloween
481471259,scary
481471259,home
481471259,FridayThe13th
481471259,RealEstate
22077358,HomeDecor
22077358,InteriorDesign
22077358,Lighting
28457303,LewisCenter
28457303,job
47080580,Tulsa
47080580,Cosmetology
47080580,Job
47080580,Jobs
47080580,Hiring
1205895079,Loon
1205895079,PuertoRico
1337736738,RealSinBiti
426754916,mlbpostseason
426754916,orioles
23476090,Stockbridge
23476090,job
23476090,Transportation
23476090,Hiring
23476090,CareerArc
3290111838,job
3290111838,driver
3290111838,cdl
3290111838,Jackson
727566735298035712,ARTIST
727566735298035712,COMINGSOON
727566735298035712,NewEngland
727566735298035712,LIMITEDSEATING
727566735298035712,GettoKnow
727566735298035712,Artist
452008466,FlyEaglesFly
733353126,Batman
789990810,LongBeach
789990810,SkilledTrade
789990810,Job
789990810,Jobs
789990810,Hiring
59785313,EastPeoria
59785313,job
59785313,Retail
59785313,Hiring
59785313,CareerArc
47020283,job
47020283,Cosmetology
47020283,Chino
47020283,Hiring
47020283,CareerArc
962788082,BAONPDX
150851934,KetchupMustards
3141182748,FettFriday
118857388,job
118857388,LenoirCity
118857388,Labor
118857388,Hiring
118857388,CareerArc
2316421134,STARevents
2316421134,FCCLA
2316421134,CompetiveEvents
42876815,Dolphins
21196047,job
21196047,GroveCity
21196047,Manufacturing
21196047,Hiring
21196047,CareerArc
88268940,Clovis
88268940,Bartender
88268940,Job
88268940,Jobs
88268940,Hiring
88268940,CareerArc
108695368,hiring
108695368,job
108695368,CustomerService
220863206,LittleDonnieDipshit
220863206,MoronDon
220863206,Morongate
220863206,Moron
22381937,lovelight
22381937,Lucifer
22381937,Love
22381937,Namaste
1282197577,ARENAOUT
253014097,Sagittarius
21725584,job
21725584,Healthcare
21725584,Indianapolis
21725584,Hiring
56688811,USMidAm
21484206,hiring
21484206,Tampa
21484206,Healthcare
21484206,Job
21484206,Jobs
21484206,CareerArc
22160244,job
22160244,Nursing
22160244,Gresham
22160244,Hiring
22160244,CareerArc
1608576246,KillerInstinct
132096754,Philadelphia
110748278,MwakaMoon
130681114,justbreathe
130681114,youarealive
130681114,fall
130681114,embracechange
232090398,RaceForTheCure
232090398,ARnews
28700693,job
28700693,Greeneville
28700693,Retail
28700693,Hiring
28700693,CareerArc
755423786996998144,AmericaFirst
755423786996998144,MAGA
755423786996998144,Trumpismypresident
190400970,barwrestling
190400970,nosellgrandma
3166332405,FridayThe13th
34180948,Warwick
34180948,job
34180948,parttime
34180948,Cashier
34180948,Veterans
34180948,Hiring
34180948,CareerArc
99964374,job
99964374,MilSpouse
99964374,DesMoines
99964374,Hiring
99964374,CareerArc
28353516,naragansett
28353516,rhodeisland
28353516,design
180060674,job
180060674,Automotive
180060674,SaukVillage
180060674,Hiring
180060674,CareerArc
21686959,hiring
21686959,job
21686959,HealthWelfare
21686959,Salem
22149395,CNA
22149395,job
22149395,NewYork
22149395,Nursing
22149395,Hiring
22149395,CareerArc
499973374,hiring
499973374,job
499973374,Physician
499973374,NewYork
499973374,CareerArc
2535717440,job
2535717440,RestaurantLife
2535717440,MilSpouse
2535717440,EastPeoria
2535717440,Hiring
22720891,job
22720891,Healthcare
22720891,Clovis
22720891,Hiring
22720891,CareerArc
780476339916713985,UnitedCycle
780476339916713985,nowplaying
780476339916713985,TheKinks
780476339916713985,cubevenue
817566648077000704,WomenBoycottTwitter
188856838,hiring
188856838,job
188856838,SupplyChain
188856838,Braintree
188856838,CareerArc
2889151908,hcdsbbelieving
1262645755,lovelysboutique
1262645755,instyle
1262645755,ontrend
1262645755,swansboro
3338661133,ponchos
3338661133,fallclothes
177475572,Rebecca
177475572,santarosa
177475572,santarosafire
177475572,rebecca
2434038433,DigitalIE
2434038433,StrongWorkforce
14946967,PeepGame
37207771,hiring
37207771,MountPleasant
37207771,CDL
22779775,Luxury
22779775,Vacation
22779775,travel
22779775,LuxuryTravel
22779775,sprucetoninn
71633088,job
71633088,Raleigh
71633088,CustomerService
71633088,Hiring
71633088,CareerArc
159475992,BREAKING
704693375207936000,OppositionDemos
704693375207936000,RailainLondon
14840030,wiright
14840030,wiunion
14840030,wipolitics
569694686,website
292604111,Interview
292604111,Fleshbot
92186516,Trump
92186516,BRUH
92186516,UnFit
25886666,friday
1076663137,LevelUp
4075382052,PSAT
4075382052,sisters
73964620,FridayThe13th
2278292888,ImCPS
557860223,FridayThe13th
557860223,Friday
557860223,Insurance
557860223,Fall
557860223,brokers
557860223,October
557860223,office
737275182578991104,besafe
737275182578991104,learningtoswim
737275182578991104,change
741518816987873280,help
218767601,job
218767601,DesMoines
218767601,Sales
218767601,Hiring
218767601,CareerArc
54272613,MCNAC17
618550142,clever
59967225,Branson
59967225,Retail
59967225,Job
59967225,Jobs
59967225,Hiring
59967225,CareerArc
419308348,wejusthaventmetyet
53991585,photoshoot
53991585,chicagophotographer
53991585,familyphotos
809384904467316736,waterislife
67038822,DemBowMix
67038822,DaOne
3161928386,GOODBYEFROMLONELY
132365935,Memphis
113458454,Repost
2651294322,Montrose
2651294322,job
2651294322,Automotive
2651294322,Hiring
2587100928,FridayFeeling
2587100928,FBF
2587100928,TheProcess
295970094,trendingOrange
29310444,AllStars3
29310444,sueme
29310444,carlasn√∂w
299426038,x3lcommunity
299426038,twitchstreamer
299426038,giveaway
299426038,liveontwitch
299426038,supportsmallstreamers
41154757,SportslineTBT
36865943,Walterboro
36865943,job
66586174,hiring
66586174,job
66586174,Nursing
66586174,Albany
66586174,CareerArc
563319506,hiring
563319506,job
563319506,Labor
563319506,NewOrleans
24316115,hiring
24316115,Indianapolis
24316115,BusinessMgmt
24316115,Job
148607567,job
148607567,Transportation
148607567,Laredo
148607567,Hiring
816372623269576704,job
816372623269576704,restaurant
816372623269576704,brunch
816372623269576704,CustomerService
816372623269576704,Worthington
816372623269576704,Hiring
312910540,Mondovi
312910540,job
312910540,HR
312910540,Hiring
312910540,CareerArc
2646372258,kcfw
4193853620,job
4193853620,AntelopeValley
72165407,job
72165407,Westbrook
72165407,CustomerService
72165407,Hiring
72165407,CareerArc
500200938,PiscatawayTownship
500200938,job
500200938,Transportation
500200938,Hiring
500200938,CareerArc
15246236,AlohaFriday
346780358,TimeToTeach
346780358,TrainerTraining
346780358,EmpowerTeachersAndEducator
346780358,LasVegas
70771710,drawing
70771710,penandink
70771710,copic
70771710,copicmarkers
70771710,coloredpencil
70771710,coloredpencils
111897522,HairbyRoMorgan
325812753,lucky
325812753,FridayThe13th
4079677769,motorhead
4079677769,pearljam
33583496,FridayThe13th
21705097,mancold
1367812291,starbuckscoffee
714627390,sunset
714627390,clouds
714627390,WNY
714627390,upperNiagaraRiver
714627390,sunlight
714627390,bird
57548429,lfa
57548429,mma
57548429,ufc
138218787,songoftheday
138218787,kolpix
138218787,100monkeys
3320478908,StrangerThings
22733179,hiring
22733179,job
22733179,Labor
22733179,Dorchester
22733179,CareerArc
34182255,Pawtucket
34182255,job
34182255,Labor
34182255,Hiring
34182255,CareerArc
111054675,NoMuslims
111054675,ExtirpateThemAll
897848088,hiring
897848088,FacilitiesMgmt
897848088,Lincoln
897848088,Job
897848088,Jobs
145018401,fallweather
199878972,Title
54611965,DoBetter
94438678,FuckOff
94438678,PopularVoteLoser
94438678,whinylittlebitch
267818256,rent
49571750,acoustic
49571750,excited
1661848598,RamKindessChallenge
786285562520936448,NSDnow
311622105,thankutomyex
34942558,lacli
22536061,job
22536061,Restaurant
99642642,Waldorf
99642642,job
99642642,Simon
99642642,Hospitality
99642642,Hiring
49387342,Endomondo
49387342,endorphins
50706690,US1
38022609,Longmont
38022609,Job
38022609,Jobs
38022609,Hiring
38022609,CareerArc
1609235778,DCMA
1609235778,Contract
1609235778,Analyst
1609235778,Hazelwood
727566735298035712,ARTIST
727566735298035712,COMINGSOON
727566735298035712,NewEngland
727566735298035712,LIMITEDSEATING
727566735298035712,GettoKnow
727566735298035712,Artist
1630796316,resist
51149096,US1
21480817,hiring
21480817,IT
21480817,Edmonton
21480817,Job
21480817,Jobs
21480817,CareerArc
480215310,FridayThe13th
24415813,StLouis
24415813,Healthcare
24415813,Job
24415813,Jobs
24415813,Hiring
24415813,CareerArc
202429353,trump
103048305,job
103048305,Sales
103048305,MountainView
103048305,Hiring
103048305,CareerArc
3142669854,TyreseAllen
3142669854,Sport360az
65848200,voices4Chechyna
1425504374,hiring
1425504374,Chantilly
1425504374,Job
1425504374,Jobs
21695377,job
21695377,SanAntonio
21695377,Hospitalist
21695377,Physician
21695377,Hiring
21695377,CareerArc
25148584,tweet
22036558,Clermont
22036558,Job
22036558,Jobs
22036558,Hiring
22036558,CareerArc
71720955,NewYork
71720955,job
71720955,CustomerService
99738448,hiring
99738448,ShelbyCharterTownship
99738448,parttime
99738448,Cashier
71720955,NewYork
71720955,job
71720955,CustomerService
2203620698,job
2203620698,B2B
2203620698,Chicago
2203620698,Hiring
567544904,job
567544904,Islandia
567544904,Hospitality
567544904,Food
567544904,Veterans
567544904,Hiring
567544904,CareerArc
713525258,job
713525258,Houston
713525258,Professional
713525258,Hiring
20827204,DalyCity
20827204,job
20827204,hiring
20827204,career
20827204,CareerArc
41699423,job
41699423,Fredericton
41699423,CustomerService
41699423,Hiring
41699423,CareerArc
852188730,spooky
1357536860,job
1357536860,BarLouiejobs
1357536860,Bartender
1357536860,Westlake
1357536860,Hiring
71960811,job
71960811,Hiring
544613501,lit
112619446,Rockford
112619446,IT
112619446,Job
112619446,Jobs
112619446,Hiring
112619446,CareerArc
23220301,job
23220301,regions
23220301,regionsbank
23220301,Finance
3044602233,friday
2516614945,ItCanWait
471652106,PLEDGE
43919017,littletanks
43919017,craftbeer
43919017,supportyourlocalbrewery
43919017,craftcans
199622102,BillClinton
199622102,SexTrafficking
199622102,HollywoodHypocrites
25182203,fancywaterfriday
3488658137,beats
3488658137,producer
3488658137,music
2459609448,InternationalSkepticsDay
2459609448,FridayThe13th
15165910,Friday13th
65038317,ParentsBestToys
322020279,popularvotewins
32908110,SouthernNotState
231993146,ROAD2THAEASTSIDE
231993146,PCBEMPIRE
278223827,gamification
278223827,life
278223827,tech
1496530303,Greenwood
486076450,VSUHOMECOMING
59950484,hiring
59950484,Retail
59950484,Tallulah
59950484,Job
59950484,Jobs
59950484,CareerArc
480064823,artusalawfirm
213834339,nuclearsciweek
364252903,corner
364252903,mycozyfallhome
364252903,repurposeddoor
