Retweet_Node,Source_Node,Time
274162219,156295238,2017-10-13 16:33:38
779499317967003652,176864463,2017-10-13 16:33:38
824710232815251456,824710232815251456,2017-10-13 16:33:38
46431238,704041886089084928,2017-10-13 16:33:38
34330388,363972381,2017-10-13 16:33:38
389039294,913055393269653504,2017-10-13 16:33:39
19127750,286998245,2017-10-13 16:33:39
490853461,3310781323,2017-10-13 16:33:39
764582017346379776,899416613304377344,2017-10-13 16:33:40
481330119,487864929,2017-10-13 16:33:40
54578210,594175899,2017-10-13 16:33:40
24131422,24131422,2017-10-13 16:33:40
415175105,784954669147783168,2017-10-13 16:33:41
44765085,462104542,2017-10-13 16:33:41
498410003,1687110774,2017-10-13 16:33:41
43864411,423734352,2017-10-13 16:33:41
727566735298035712,727566735298035712,2017-10-13 16:33:41
69991372,225506296,2017-10-13 16:33:42
962788082,1013399942,2017-10-13 16:33:42
306096623,70009161,2017-10-13 16:33:43
1849979304,3069168857,2017-10-13 16:33:43
2316421134,726542307521138688,2017-10-13 16:33:43
905243659259580417,29244477,2017-10-13 16:33:44
48273856,81934525,2017-10-13 16:33:44
1734194539,3390250797,2017-10-13 16:33:44
1870326187,1739412500,2017-10-13 16:33:45
3167051595,531600943,2017-10-13 16:33:45
1626282878,303391538,2017-10-13 16:33:45
4211612619,28023330,2017-10-13 16:33:45
766736584183943168,253014097,2017-10-13 16:33:45
119567900,119567900,2017-10-13 16:33:45
2300275562,1016021178,2017-10-13 16:33:45
265805447,45962278,2017-10-13 16:33:46
2567292679,148653311,2017-10-13 16:33:46
314619506,860605508,2017-10-13 16:33:46
174116373,1608576246,2017-10-13 16:33:46
26968843,132096754,2017-10-13 16:33:46
917362729530388480,91050289,2017-10-13 16:33:46
542961492,764263155862081536,2017-10-13 16:33:47
2700594702,2655353150,2017-10-13 16:33:47
254398092,373729918,2017-10-13 16:33:47
583419713,583419713,2017-10-13 16:33:47
53200766,324137375,2017-10-13 16:33:47
933848462,756085550231068672,2017-10-13 16:33:48
249000334,834281252,2017-10-13 16:33:48
335769675,312786463,2017-10-13 16:33:49
860306015996100608,817566648077000704,2017-10-13 16:33:49
23301810,233276216,2017-10-13 16:33:49
1404172345,23885430,2017-10-13 16:33:49
595058466,32871086,2017-10-13 16:33:50
177475572,177475572,2017-10-13 16:33:50
348844874,4097864233,2017-10-13 16:33:50
718149456269418496,196168350,2017-10-13 16:33:50
327681936,14946967,2017-10-13 16:33:50
2374891259,26099475,2017-10-13 16:33:50
222603922,2733967279,2017-10-13 16:33:51
3168085280,818941136,2017-10-13 16:33:51
547291309,23885430,2017-10-13 16:33:51
1941992582,387325101,2017-10-13 16:33:51
327990253,76227785,2017-10-13 16:33:51
832154653,480130355,2017-10-13 16:33:52
704693375207936000,2915253371,2017-10-13 16:33:52
326882005,775889968526786561,2017-10-13 16:33:52
482931300,485298186,2017-10-13 16:33:52
2400350617,1284908149,2017-10-13 16:33:52
736208380319043584,234980063,2017-10-13 16:33:52
19343545,86180513,2017-10-13 16:33:53
481185424,132774626,2017-10-13 16:33:53
918540289861591041,918540289861591041,2017-10-13 16:33:53
1710142374,1076663137,2017-10-13 16:33:53
829973167,829973167,2017-10-13 16:33:53
2505184716,1852644804,2017-10-13 16:33:53
204982280,3054314581,2017-10-13 16:33:54
2434621272,2915842323,2017-10-13 16:33:54
3144484834,324726435,2017-10-13 16:33:54
2175081283,589128515,2017-10-13 16:33:54
130600763,35219374,2017-10-13 16:33:54
1703222905,388071276,2017-10-13 16:33:54
2176952706,2909478480,2017-10-13 16:33:54
618550142,532690100,2017-10-13 16:33:54
724736960,3218794568,2017-10-13 16:33:55
1922054466,769965840,2017-10-13 16:33:55
3236447251,2633628749,2017-10-13 16:33:55
759724886021378051,244655353,2017-10-13 16:33:55
1406073296,32501175,2017-10-13 16:33:55
418174011,80549263,2017-10-13 16:33:56
207783084,824320219866923018,2017-10-13 16:33:56
1308559770,1668432062,2017-10-13 16:33:56
2978577399,129829764,2017-10-13 16:33:56
261004048,789600333915889668,2017-10-13 16:33:56
1035801032,173655563,2017-10-13 16:33:56
587211365,304932002,2017-10-13 16:33:57
1262239268,41154757,2017-10-13 16:33:57
2817903506,32501175,2017-10-13 16:33:57
339914949,507852276,2017-10-13 16:33:57
859805626398121984,1917731,2017-10-13 16:33:57
51462880,16664487,2017-10-13 16:33:57
54299136,365603329,2017-10-13 16:33:57
127458485,22870112,2017-10-13 16:33:57
807967772,1063418198,2017-10-13 16:33:58
3181315759,3226282347,2017-10-13 16:33:58
231728005,3808502062,2017-10-13 16:33:58
1375417644,22068704,2017-10-13 16:33:58
177458340,2506312159,2017-10-13 16:33:59
408200521,192287918,2017-10-13 16:33:59
104858228,33583496,2017-10-13 16:33:59
710021988,3362909645,2017-10-13 16:33:59
402023562,142267670,2017-10-13 16:33:59
764595276883435520,1018689319,2017-10-13 16:33:59
1305591176,3320478908,2017-10-13 16:34:00
379936623,2874107140,2017-10-13 16:34:00
31048041,2557521,2017-10-13 16:34:00
428514372,365603329,2017-10-13 16:34:01
370430691,297134253,2017-10-13 16:34:01
199878972,199878972,2017-10-13 16:34:01
51113010,131651580,2017-10-13 16:34:01
248541661,351260120,2017-10-13 16:34:01
790947294736703489,573918122,2017-10-13 16:34:01
56853176,222140514,2017-10-13 16:34:02
614651117,2781403435,2017-10-13 16:34:02
2431232393,862431550390120450,2017-10-13 16:34:02
4149970038,1661848598,2017-10-13 16:34:02
62793967,346123311,2017-10-13 16:34:02
764995256,1530078716,2017-10-13 16:34:02
2238866324,559952456,2017-10-13 16:34:03
898415186,461657127,2017-10-13 16:34:02
111668853,4321097811,2017-10-13 16:34:03
295847565,1308829592,2017-10-13 16:34:03
2365033110,401681146,2017-10-13 16:34:03
619823160,70740986,2017-10-13 16:34:03
2176597932,3253962492,2017-10-13 16:34:03
429555705,46557945,2017-10-13 16:34:04
799220151044476928,4599374210,2017-10-13 16:34:04
54392326,32871086,2017-10-13 16:34:05
45605183,181604076,2017-10-13 16:34:05
2514252356,3278629583,2017-10-13 16:34:03
384834222,328303296,2017-10-13 16:34:05
2867158989,3294683602,2017-10-13 16:34:06
90316283,17446621,2017-10-13 16:34:06
842174857,2232142916,2017-10-13 16:34:07
2153648705,234180888,2017-10-13 16:34:06
158095114,259899376,2017-10-13 16:34:07
31035033,32744936,2017-10-13 16:34:07
1623370094,182192543,2017-10-13 16:34:07
457877484,3834861208,2017-10-13 16:34:07
109491173,783116738258841600,2017-10-13 16:34:07
32737149,48802204,2017-10-13 16:34:07
2267976464,3362909645,2017-10-13 16:34:07
727566735298035712,727566735298035712,2017-10-13 16:34:08
2718278537,3131368200,2017-10-13 16:34:08
25617676,2557521,2017-10-13 16:34:08
355745076,191221920,2017-10-13 16:34:08
1630796316,851211,2017-10-13 16:34:08
1684625450,822215673812119553,2017-10-13 16:34:08
525903789,3028424322,2017-10-13 16:34:09
15245547,2899351925,2017-10-13 16:34:09
970895576,1724097854,2017-10-13 16:34:09
300977788,393469195,2017-10-13 16:34:09
1488520376,275790333,2017-10-13 16:34:09
50795367,14192680,2017-10-13 16:34:09
2356971642,14173315,2017-10-13 16:34:10
92544072,15115280,2017-10-13 16:34:10
2888156450,2198875944,2017-10-13 16:34:10
379936623,2532971932,2017-10-13 16:34:10
184893260,520934209,2017-10-13 16:34:11
3333688905,26785898,2017-10-13 16:34:11
1240226161,216900952,2017-10-13 16:34:11
177458340,2506312159,2017-10-13 16:34:11
608552223,15212187,2017-10-13 16:34:12
471652106,2516614945,2017-10-13 16:34:12
58509123,2965334788,2017-10-13 16:34:12
24699277,83882798,2017-10-13 16:34:12
342605301,2482084226,2017-10-13 16:34:12
271486322,141630899,2017-10-13 16:34:13
618754702,866713950016208898,2017-10-13 16:34:13
976963416,701725963,2017-10-13 16:34:13
2382829512,252124100,2017-10-13 16:34:13
397510994,1181154606,2017-10-13 16:34:13
15165910,2459609448,2017-10-13 16:34:13
571242055,886971564482334720,2017-10-13 16:34:13
28092225,109532430,2017-10-13 16:34:14
1967974706,354347533,2017-10-13 16:34:14
1143544482,857124984417865729,2017-10-13 16:34:14
1355213989,149726145,2017-10-13 16:34:14
915712956058370048,3433633119,2017-10-13 16:34:14
2478589212,629113271,2017-10-13 16:34:14
705681496,385120573,2017-10-13 16:34:15
1496530303,1167449568,2017-10-13 16:34:15
794057040394145794,954165164,2017-10-13 16:34:16
164541961,304932002,2017-10-13 16:34:16
4180066667,90711550,2017-10-13 16:34:16
463132443,159385379,2017-10-13 16:34:17
85870763,152941983,2017-10-13 16:34:17
1888644637,1366330580,2017-10-13 16:34:17
21839459,2795270677,2017-10-13 16:34:17
354630973,80825033,2017-10-13 16:34:18
824646862292602884,4764867800,2017-10-13 16:34:18
911735346,16514539,2017-10-13 16:34:18
91933834,2711930388,2017-10-13 16:34:18
3552600685,2609170431,2017-10-13 16:34:19
392488192,2802221676,2017-10-13 16:34:19
14454437,14202817,2017-10-13 16:34:19
171291078,890891,2017-10-13 16:34:19
375216336,2808508957,2017-10-13 16:34:20
539581949,916835973849341959,2017-10-13 16:34:20
1040842962,253780239,2017-10-13 16:34:20
118862867,120835612,2017-10-13 16:34:20
2608859899,802646542779813889,2017-10-13 16:34:20
1726343066,770949865169883136,2017-10-13 16:34:20
409618818,376541449,2017-10-13 16:34:20
2761405399,2528540255,2017-10-13 16:34:20
202630332,600591467,2017-10-13 16:34:21
727566735298035712,727566735298035712,2017-10-13 16:34:21
168293100,4835182679,2017-10-13 16:34:21
259961075,259961075,2017-10-13 16:34:21
2838562235,904371382691266561,2017-10-13 16:34:21
635895644,829762239854964736,2017-10-13 16:34:21
2710652060,596687292,2017-10-13 16:34:21
64467795,3072881386,2017-10-13 16:34:22
74522684,821506029632585729,2017-10-13 16:34:22
192428459,22736027,2017-10-13 16:34:22
1682012622,2573480784,2017-10-13 16:34:22
2813679126,17958426,2017-10-13 16:34:22
269962865,17531205,2017-10-13 16:34:22
55092983,180107694,2017-10-13 16:34:23
2165101360,32871086,2017-10-13 16:34:23
201470396,114830310,2017-10-13 16:34:23
25939147,769314671920766976,2017-10-13 16:34:24
636427105,393548072,2017-10-13 16:34:25
192759385,2527908763,2017-10-13 16:34:25
2359537176,41634520,2017-10-13 16:34:25
3339993159,625258535,2017-10-13 16:34:25
28933718,3044790431,2017-10-13 16:34:26
26893628,19272796,2017-10-13 16:34:26
879791111975383041,1851146966,2017-10-13 16:34:27
527131496,603025587,2017-10-13 16:34:26
72667522,2782211491,2017-10-13 16:34:27
2501838444,730956727248543745,2017-10-13 16:34:27
45943310,45943310,2017-10-13 16:34:27
258411700,2344721586,2017-10-13 16:34:27
1360207183,373729918,2017-10-13 16:34:27
2375634229,449614269,2017-10-13 16:34:27
777682319863910400,886019726,2017-10-13 16:34:28
250447556,1915534530,2017-10-13 16:34:28
2455981348,1352753672,2017-10-13 16:34:28
457355530,3316578815,2017-10-13 16:34:28
109616781,68740712,2017-10-13 16:34:29
16207512,21958492,2017-10-13 16:34:29
704811663690752000,1110190452,2017-10-13 16:34:29
628747859,2786578035,2017-10-13 16:34:30
3023055168,629522028,2017-10-13 16:34:30
209877528,624050986,2017-10-13 16:34:30
102518236,2807876023,2017-10-13 16:34:30
769920599627968512,1902237710,2017-10-13 16:34:31
777243721238654976,839099917121511425,2017-10-13 16:34:31
1740267126,82887748,2017-10-13 16:34:31
39109577,7847192,2017-10-13 16:34:31
3130201131,369583954,2017-10-13 16:34:32
1557264974,23885430,2017-10-13 16:34:32
784407100394962944,3007259076,2017-10-13 16:34:33
45744244,42560650,2017-10-13 16:34:33
2566548315,3183697279,2017-10-13 16:34:33
2799125187,2799125187,2017-10-13 16:34:33
2959314162,701725963,2017-10-13 16:34:33
245851175,56363220,2017-10-13 16:34:33
111054675,462104542,2017-10-13 16:34:33
727566735298035712,727566735298035712,2017-10-13 16:34:33
2940707102,755504,2017-10-13 16:34:33
2266494829,2513800802,2017-10-13 16:34:34
545338202,339759921,2017-10-13 16:34:34
706189918507237376,2366232152,2017-10-13 16:34:35
610327304,573285606,2017-10-13 16:34:35
207783084,17006157,2017-10-13 16:34:35
116609849,3186960200,2017-10-13 16:34:36
126932404,743261143477665792,2017-10-13 16:34:36
3120916534,840956876351238144,2017-10-13 16:34:36
3709512207,258082954,2017-10-13 16:34:36
67399991,65702224,2017-10-13 16:34:36
4756940414,43425975,2017-10-13 16:34:37
2192957172,719476416,2017-10-13 16:34:37
3387545114,372126670,2017-10-13 16:34:37
607815297,774840438624653312,2017-10-13 16:34:37
1831831,28743774,2017-10-13 16:34:37
57777081,46769281,2017-10-13 16:34:37
2258523084,18152006,2017-10-13 16:34:37
176506321,1887057678,2017-10-13 16:34:37
717359136267235328,38477602,2017-10-13 16:34:37
3251062398,409170684,2017-10-13 16:34:37
974547492,165521111,2017-10-13 16:34:37
3164229518,3219879176,2017-10-13 16:34:38
1658481896,716727794,2017-10-13 16:34:38
314929886,190532680,2017-10-13 16:34:38
67806680,17980523,2017-10-13 16:34:38
47764100,181258165,2017-10-13 16:34:38
354322288,2986077945,2017-10-13 16:34:38
17412990,623014192,2017-10-13 16:34:39
916130995128041472,918317307730022400,2017-10-13 16:34:39
242477627,214112621,2017-10-13 16:34:39
429936310,16403943,2017-10-13 16:34:39
567632634,43407822,2017-10-13 16:34:39
3255298369,2777229217,2017-10-13 16:34:39
469831977,2994799338,2017-10-13 16:34:39
383024506,386788466,2017-10-13 16:34:39
821767467391451137,418105123,2017-10-13 16:34:40
120233081,48139979,2017-10-13 16:34:40
632374708,11744152,2017-10-13 16:34:40
401656531,3060831721,2017-10-13 16:34:40
2923910956,1249982359,2017-10-13 16:34:40
3040410337,1577609216,2017-10-13 16:34:41
61796503,2798599802,2017-10-13 16:34:41
579454905,7724762,2017-10-13 16:34:41
542211823,15537164,2017-10-13 16:34:41
45605183,217630894,2017-10-13 16:34:41
832366546559311873,738208631456301056,2017-10-13 16:34:41
24581337,393687467,2017-10-13 16:34:41
3040104513,25505732,2017-10-13 16:34:42
66874140,164732369,2017-10-13 16:34:42
2415306104,3320478908,2017-10-13 16:34:42
2890970466,1014340561,2017-10-13 16:34:42
365404543,23885430,2017-10-13 16:34:43
3631050620,833663047,2017-10-13 16:34:42
559939813,215207998,2017-10-13 16:34:43
45730567,117662694,2017-10-13 16:34:43
293659938,247387552,2017-10-13 16:34:43
97785622,157616104,2017-10-13 16:34:44
173588816,459839726,2017-10-13 16:34:44
241661441,238699378,2017-10-13 16:34:44
1426673588,158096034,2017-10-13 16:34:44
90801734,244218738,2017-10-13 16:34:44
2462082276,19596592,2017-10-13 16:34:45
2629463885,4340783361,2017-10-13 16:34:46
257588055,610454132,2017-10-13 16:34:46
22517478,358545917,2017-10-13 16:34:46
779474178512658432,46677036,2017-10-13 16:34:46
317423441,127549772,2017-10-13 16:34:47
367961329,916835973849341959,2017-10-13 16:34:47
462154097,3038496115,2017-10-13 16:34:47
1285823802,1285823802,2017-10-13 16:34:47
622585356,32871086,2017-10-13 16:34:47
1563893018,914649579555115009,2017-10-13 16:34:48
181936367,22819823,2017-10-13 16:34:48
263491709,20962674,2017-10-13 16:34:48
502258570,3277923464,2017-10-13 16:34:48
17889886,16672159,2017-10-13 16:34:48
942608605,119758732,2017-10-13 16:34:48
1724382360,26257166,2017-10-13 16:34:49
583887601,320297405,2017-10-13 16:34:49
16707857,304932002,2017-10-13 16:34:49
1678790450,770352762,2017-10-13 16:34:49
207783084,172858784,2017-10-13 16:34:49
105228862,9570452,2017-10-13 16:34:49
177475572,177475572,2017-10-13 16:34:50
22308431,214112621,2017-10-13 16:34:50
126511893,2421303346,2017-10-13 16:34:50
1858509253,504798098,2017-10-13 16:34:50
3110824912,20926233,2017-10-13 16:34:51
2172935923,233763332,2017-10-13 16:34:51
256543497,47629596,2017-10-13 16:34:51
99351609,281749997,2017-10-13 16:34:52
3301289947,82678132,2017-10-13 16:34:52
2760933286,2401362534,2017-10-13 16:34:52
3056931256,62582590,2017-10-13 16:34:52
15566158,224456162,2017-10-13 16:34:52
394369613,1187647735,2017-10-13 16:34:52
59347334,14669951,2017-10-13 16:34:53
275831066,238767235,2017-10-13 16:34:52
2290252822,22367468,2017-10-13 16:34:53
127752685,360843394,2017-10-13 16:34:54
3349645744,908625126056452096,2017-10-13 16:34:54
50774318,423523212,2017-10-13 16:34:54
1539069235,738730673117224960,2017-10-13 16:34:55
1014264162,717365129151520769,2017-10-13 16:34:55
29845726,24807616,2017-10-13 16:34:55
2826619725,25992637,2017-10-13 16:34:55
854833257053130754,381903860,2017-10-13 16:34:55
308226917,54781136,2017-10-13 16:34:56
2945297919,821621400,2017-10-13 16:34:56
1151789670,46596172,2017-10-13 16:34:56
783433760532471808,14247236,2017-10-13 16:34:57
155118292,457877484,2017-10-13 16:34:57
15649290,520570656,2017-10-13 16:34:57
55092983,32871086,2017-10-13 16:34:57
241661441,238699378,2017-10-13 16:34:57
727566735298035712,727566735298035712,2017-10-13 16:34:58
455385439,51263592,2017-10-13 16:34:58
542961492,764263155862081536,2017-10-13 16:34:58
815648994110140416,2200506820,2017-10-13 16:34:58
1883612131,155934452,2017-10-13 16:34:59
22790152,7972552,2017-10-13 16:34:59
343502001,80825033,2017-10-13 16:34:59
327999412,263769777,2017-10-13 16:35:00
717665576,789332022426820608,2017-10-13 16:35:00
571169653,766083318534275072,2017-10-13 16:35:00
312902329,214742709,2017-10-13 16:35:00
3340242251,781816399,2017-10-13 16:35:00
111920675,111920675,2017-10-13 16:35:01
548962888,46769281,2017-10-13 16:35:01
284648135,1020058453,2017-10-13 16:35:02
1708612645,1038411121,2017-10-13 16:35:02
146717398,16265742,2017-10-13 16:35:02
2175081283,170861207,2017-10-13 16:35:03
3858026777,32287560,2017-10-13 16:35:02
1409417647,4191502094,2017-10-13 16:35:04
824710232815251456,43550862,2017-10-13 16:35:05
479583653,68551737,2017-10-13 16:35:05
4581001636,25073877,2017-10-13 16:35:06
958197228,245639574,2017-10-13 16:35:07
3858026777,32287560,2017-10-13 16:35:02
453311966,144762225,2017-10-13 16:35:07
207783084,2573480784,2017-10-13 16:35:07
22110609,2573791974,2017-10-13 16:35:08
780863020733825024,485979366,2017-10-13 16:35:04
324745473,22976125,2017-10-13 16:35:09
45252312,24495618,2017-10-13 16:35:05
4061529973,706899433099689984,2017-10-13 16:35:06
769126606870761472,833920064,2017-10-13 16:35:09
2727875051,30280480,2017-10-13 16:35:05
2307074196,68630358,2017-10-13 16:35:04
241661441,238699378,2017-10-13 16:34:57
2939662942,260466698,2017-10-13 16:35:05
2381394596,327227935,2017-10-13 16:35:11
24706050,31545237,2017-10-13 16:35:03
600225052,743155992997691392,2017-10-13 16:35:04
1231086726,85849424,2017-10-13 16:35:05
193385983,64570054,2017-10-13 16:35:07
221859991,237509636,2017-10-13 16:35:04
830023658,304932002,2017-10-13 16:35:11
2485297510,610571372,2017-10-13 16:35:05
1887237078,389971257,2017-10-13 16:35:06
3239996040,265082938,2017-10-13 16:35:08
93781828,105715305,2017-10-13 16:35:07
30323434,17893690,2017-10-13 16:35:10
183247095,2951963678,2017-10-13 16:35:10
1969346438,452352757,2017-10-13 16:35:11
2265449684,2432958787,2017-10-13 16:35:10
313475569,196565589,2017-10-13 16:35:12
575563336,3433633119,2017-10-13 16:35:09
2155256273,395424239,2017-10-13 16:35:12
812347795,604135727,2017-10-13 16:35:12
3087580297,2625494531,2017-10-13 16:35:13
2267976464,40059553,2017-10-13 16:35:06
1012581578,18647679,2017-10-13 16:35:13
21722537,21722537,2017-10-13 16:35:13
535446863,1366330580,2017-10-13 16:35:14
413520198,296540738,2017-10-13 16:35:14
744193828924465152,108057230,2017-10-13 16:35:14
755616956779261952,506632089,2017-10-13 16:35:15
401756833,1345881386,2017-10-13 16:35:16
267511848,283680815,2017-10-13 16:35:16
1280615718,29523440,2017-10-13 16:35:16
138189751,382717053,2017-10-13 16:35:16
20670943,920125542,2017-10-13 16:35:17
289356974,22694478,2017-10-13 16:35:17
384570933,18477912,2017-10-13 16:35:17
2566602756,2830920939,2017-10-13 16:35:17
345118895,4439832017,2017-10-13 16:35:18
618754702,633529119,2017-10-13 16:35:18
1258593637,1418133793,2017-10-13 16:35:19
805891429117489152,15467058,2017-10-13 16:35:19
232718673,1139001474,2017-10-13 16:35:19
767549302596141060,116994659,2017-10-13 16:35:19
625980841,46769281,2017-10-13 16:35:19
215767773,701984483063558144,2017-10-13 16:35:19
59601487,112883331,2017-10-13 16:35:20
39342152,331003396,2017-10-13 16:35:20
2147954701,18750157,2017-10-13 16:35:20
785095351,43042353,2017-10-13 16:35:20
2469603761,2636246147,2017-10-13 16:35:20
104352242,388603043,2017-10-13 16:35:20
718149456269418496,11134252,2017-10-13 16:35:21
1071922344,2179027738,2017-10-13 16:35:21
971245202,2575809935,2017-10-13 16:35:21
2598544622,204887235,2017-10-13 16:35:21
777314179845947393,495412177,2017-10-13 16:35:21
1920200430,1920200430,2017-10-13 16:35:21
4168357827,4168357827,2017-10-13 16:35:21
738015133,43775786,2017-10-13 16:35:21
855453265013739520,3434325791,2017-10-13 16:35:22
430799656,43577353,2017-10-13 16:35:22
61366106,17524406,2017-10-13 16:35:22
822261616498638848,3362741,2017-10-13 16:35:22
74516561,304932002,2017-10-13 16:35:22
846479437,18029328,2017-10-13 16:35:22
312786463,335769675,2017-10-13 16:35:22
53793078,425238609,2017-10-13 16:35:23
827487002,304645584,2017-10-13 16:35:23
46307410,495519949,2017-10-13 16:35:23
175505351,21711729,2017-10-13 16:35:23
2371223545,846040178,2017-10-13 16:35:23
2617767523,38438612,2017-10-13 16:35:23
727566735298035712,727566735298035712,2017-10-13 16:35:23
231728005,4799831909,2017-10-13 16:35:23
570219533,25073877,2017-10-13 16:35:24
355909492,164392183,2017-10-13 16:35:24
158879541,82788234,2017-10-13 16:35:24
378189379,37338332,2017-10-13 16:35:24
1250639984,2595371162,2017-10-13 16:35:24
4064596333,972651,2017-10-13 16:35:24
2932552617,304932002,2017-10-13 16:35:24
635895644,201475410,2017-10-13 16:35:25
382825363,468829690,2017-10-13 16:35:25
804850658004320256,731616058495389696,2017-10-13 16:35:25
334998802,455487288,2017-10-13 16:35:25
331991844,2252740818,2017-10-13 16:35:25
2359537176,41634520,2017-10-13 16:35:25
1064218567,25439090,2017-10-13 16:35:26
4744416702,189687426,2017-10-13 16:35:26
2346301932,17214683,2017-10-13 16:35:26
104315900,365789444,2017-10-13 16:35:26
21327085,822215673812119553,2017-10-13 16:35:27
402052901,36466656,2017-10-13 16:35:28
1244527784,414323219,2017-10-13 16:35:28
848411806162964480,570527472,2017-10-13 16:35:28
47640621,829448246703579136,2017-10-13 16:35:29
869196960535683072,179732982,2017-10-13 16:35:29
55919541,4012967297,2017-10-13 16:35:30
58341610,4481676738,2017-10-13 16:35:30
246892913,18136130,2017-10-13 16:35:30
226616445,1586885647,2017-10-13 16:35:30
1164853854,163286414,2017-10-13 16:35:30
292695791,2289011137,2017-10-13 16:35:30
60891574,3320478908,2017-10-13 16:35:30
584361635,3113489761,2017-10-13 16:35:31
718115532,88567696,2017-10-13 16:35:31
567674625,541189532,2017-10-13 16:35:31
762465877,15846407,2017-10-13 16:35:31
1124056099,1018689319,2017-10-13 16:35:31
2582558798,25417978,2017-10-13 16:35:32
52775929,3406938525,2017-10-13 16:35:32
838995876,2909478480,2017-10-13 16:35:33
32253172,93876666,2017-10-13 16:35:33
263326342,180503626,2017-10-13 16:35:33
3287652996,1642221864,2017-10-13 16:35:33
120283122,369583954,2017-10-13 16:35:34
3009480185,213867559,2017-10-13 16:35:35
245595540,15644999,2017-10-13 16:35:35
60383916,304932002,2017-10-13 16:35:34
1630796316,851211,2017-10-13 16:35:36
227234227,68989391,2017-10-13 16:35:36
124074892,30770374,2017-10-13 16:35:36
3081677861,3081677861,2017-10-13 16:35:36
76185185,57316742,2017-10-13 16:35:37
559332636,78523300,2017-10-13 16:35:37
724736960,3236221509,2017-10-13 16:35:37
3100971154,565857361,2017-10-13 16:35:38
264055682,304932002,2017-10-13 16:35:38
2546932110,1634185171,2017-10-13 16:35:39
33448866,742744221749219329,2017-10-13 16:35:39
24607795,3094433899,2017-10-13 16:35:39
76444074,126555990,2017-10-13 16:35:39
887570922,18033816,2017-10-13 16:35:39
19697314,225265639,2017-10-13 16:35:40
509394286,141381155,2017-10-13 16:35:40
344821791,3331995035,2017-10-13 16:35:40
19305822,707209121855086593,2017-10-13 16:35:41
38911395,1939860914,2017-10-13 16:35:41
40161212,121213242,2017-10-13 16:35:41
163240111,2556086048,2017-10-13 16:35:41
21900936,1096845500,2017-10-13 16:35:42
1067645118,15537451,2017-10-13 16:35:42
29905001,848284204521672705,2017-10-13 16:35:42
41254668,304932002,2017-10-13 16:35:42
775520966474551298,1869037224,2017-10-13 16:35:43
302248817,18617668,2017-10-13 16:35:43
779760082678525952,2865018135,2017-10-13 16:35:43
171275903,188230263,2017-10-13 16:35:43
44287034,365603329,2017-10-13 16:35:43
2486903679,2177420990,2017-10-13 16:35:43
441355744,60643366,2017-10-13 16:35:43
419043719,389067673,2017-10-13 16:35:44
1242557976,1242557976,2017-10-13 16:35:44
32666997,15464697,2017-10-13 16:35:44
917362729530388480,292628765,2017-10-13 16:35:44
2867158989,144378222,2017-10-13 16:35:44
3457551736,23561862,2017-10-13 16:35:44
368178049,52532264,2017-10-13 16:35:37
46431238,763935668284239872,2017-10-13 16:35:41
46307410,2271022711,2017-10-13 16:35:44
335744385,47139982,2017-10-13 16:35:44
42305988,801037965610754049,2017-10-13 16:35:44
822113893,814863165850812416,2017-10-13 16:35:39
826836136161054722,159307390,2017-10-13 16:35:45
1365236088,5695632,2017-10-13 16:35:45
494354809,344292408,2017-10-13 16:35:45
239620870,18152006,2017-10-13 16:35:45
35114407,35114407,2017-10-13 16:35:46
19777749,103449767,2017-10-13 16:35:46
462591628,520934209,2017-10-13 16:35:45
17837036,893588360547225600,2017-10-13 16:35:46
770357429020332032,14247236,2017-10-13 16:35:46
2170203321,304932002,2017-10-13 16:35:46
30913356,21670661,2017-10-13 16:35:46
127752685,731275578255368193,2017-10-13 16:35:46
133081775,814920555430289408,2017-10-13 16:35:46
1563893018,303358036,2017-10-13 16:35:47
419298908,411970418,2017-10-13 16:35:47
162316410,6446742,2017-10-13 16:35:47
2594219118,2933053303,2017-10-13 16:35:47
969593203,363972381,2017-10-13 16:35:47
373798127,807095,2017-10-13 16:35:47
1672360759,730925978730405888,2017-10-13 16:35:47
466838087,3362909645,2017-10-13 16:35:48
3084611482,1595565355,2017-10-13 16:35:48
878336636391739395,602188858,2017-10-13 16:35:48
1866041544,16303450,2017-10-13 16:35:48
2977461257,3251401261,2017-10-13 16:35:49
299462605,2224137728,2017-10-13 16:35:49
68387146,3142039415,2017-10-13 16:35:50
723304608,796014635694505984,2017-10-13 16:35:50
2732997169,2623935663,2017-10-13 16:35:50
581305545,226690054,2017-10-13 16:35:50
779474178512658432,779474178512658432,2017-10-13 16:35:50
2890185593,3038069014,2017-10-13 16:35:50
40584169,3130248213,2017-10-13 16:35:50
20563554,4758781632,2017-10-13 16:35:51
895504910090989568,323901965,2017-10-13 16:35:51
314246540,34713362,2017-10-13 16:35:51
25703546,462104542,2017-10-13 16:35:51
375266781,80825033,2017-10-13 16:35:53
71044348,78190788,2017-10-13 16:35:53
2229342416,3081464485,2017-10-13 16:35:53
190108159,1682375545,2017-10-13 16:35:54
3010858500,3297022953,2017-10-13 16:35:54
869104459,499311662,2017-10-13 16:35:54
1491734900,744454819285442560,2017-10-13 16:35:55
94943101,3320478908,2017-10-13 16:35:55
262382486,415231553,2017-10-13 16:35:55
122460379,70009161,2017-10-13 16:35:55
1216374895,2376658019,2017-10-13 16:35:55
95027791,208488226,2017-10-13 16:35:56
222041995,293630133,2017-10-13 16:35:56
2450384429,37764422,2017-10-13 16:35:57
732229994072670208,940606087,2017-10-13 16:35:57
704811663690752000,93964759,2017-10-13 16:35:57
586685768,755113,2017-10-13 16:35:58
323541088,247593619,2017-10-13 16:35:58
183479461,820035566330753024,2017-10-13 16:35:58
14564479,49698134,2017-10-13 16:35:58
2606620163,1186606560,2017-10-13 16:35:58
718149456269418496,4104906808,2017-10-13 16:35:58
826508956084219904,7563792,2017-10-13 16:35:58
79462892,811893016084365312,2017-10-13 16:35:58
53200766,374892928,2017-10-13 16:35:58
1883843198,18956020,2017-10-13 16:35:58
633855141,20543416,2017-10-13 16:35:59
133081775,814920555430289408,2017-10-13 16:35:59
14387490,12477472,2017-10-13 16:35:59
1542211308,148868920,2017-10-13 16:36:00
271195087,185937513,2017-10-13 16:36:00
1043832404,485298186,2017-10-13 16:36:00
624215319,23450304,2017-10-13 16:36:00
780841925771272192,37323294,2017-10-13 16:36:01
3019779493,481821651,2017-10-13 16:36:01
454334503,1041000409,2017-10-13 16:36:01
14102048,37228372,2017-10-13 16:36:01
727566735298035712,727566735298035712,2017-10-13 16:36:01
238850654,2726250042,2017-10-13 16:36:01
1297165884,340771886,2017-10-13 16:36:01
228860189,718232509734129664,2017-10-13 16:36:02
310036648,359691921,2017-10-13 16:36:02
2393743736,3194805146,2017-10-13 16:36:01
370421404,797292251932192769,2017-10-13 16:36:02
349533602,159822053,2017-10-13 16:36:02
2458838756,32501175,2017-10-13 16:36:02
1039049761,40519997,2017-10-13 16:36:03
424301831,870731426,2017-10-13 16:36:03
257774348,334778169,2017-10-13 16:36:03
69991372,48484668,2017-10-13 16:36:03
27560352,214603315,2017-10-13 16:36:04
28353263,57741304,2017-10-13 16:36:04
839889224,2986524717,2017-10-13 16:36:04
3394086494,1016021178,2017-10-13 16:36:04
106127808,267429175,2017-10-13 16:36:05
207783084,14247236,2017-10-13 16:36:05
4146002655,803035707275087872,2017-10-13 16:36:05
716744298113470464,718958485145161728,2017-10-13 16:36:05
1005759336,22317367,2017-10-13 16:36:05
733737952598208512,846098332124692480,2017-10-13 16:36:06
1105028167,2460799331,2017-10-13 16:36:06
58660082,80825033,2017-10-13 16:36:06
3457551736,112007280,2017-10-13 16:36:06
191649388,16573941,2017-10-13 16:36:06
264870081,136300373,2017-10-13 16:36:07
90810851,16826976,2017-10-13 16:36:07
769920599627968512,354347533,2017-10-13 16:36:07
2923910956,129235890,2017-10-13 16:36:07
222015255,150003563,2017-10-13 16:36:08
532862030,3187398769,2017-10-13 16:36:08
62793967,47806130,2017-10-13 16:36:08
386817479,181572333,2017-10-13 16:36:08
1325944009,13785542,2017-10-13 16:36:08
3221853756,304932002,2017-10-13 16:36:06
229156634,529607188,2017-10-13 16:36:09
1495434313,528885033,2017-10-13 16:36:09
90091353,1557315432,2017-10-13 16:36:09
222041995,293630133,2017-10-13 16:36:09
619459336,822215673812119553,2017-10-13 16:36:09
109035697,860517282820304896,2017-10-13 16:36:09
2882583145,133938408,2017-10-13 16:36:09
25905931,3314971415,2017-10-13 16:36:09
758795959593738240,17454419,2017-10-13 16:36:10
236194210,255328781,2017-10-13 16:36:10
564227319,369583954,2017-10-13 16:36:10
2375878700,1378000488,2017-10-13 16:36:10
472577676,234180888,2017-10-13 16:36:10
342605301,115264552,2017-10-13 16:36:11
614651117,1539955986,2017-10-13 16:36:10
2359537176,41634520,2017-10-13 16:36:11
19140465,28496589,2017-10-13 16:36:11
39664078,499311662,2017-10-13 16:36:11
449405212,2266728150,2017-10-13 16:36:11
131975171,32494437,2017-10-13 16:36:11
59037337,2571469516,2017-10-13 16:36:11
38002496,343638363,2017-10-13 16:36:11
529945770,876043126653190148,2017-10-13 16:36:12
1516966766,16331010,2017-10-13 16:36:11
300050982,350085951,2017-10-13 16:36:12
36818467,188230263,2017-10-13 16:36:12
44252886,25073877,2017-10-13 16:36:12
415102222,538586817,2017-10-13 16:36:12
334487444,53664986,2017-10-13 16:36:13
865025491,2895180218,2017-10-13 16:36:13
275265443,448029386,2017-10-13 16:36:13
17994701,32871086,2017-10-13 16:36:13
885160904479920128,981551706,2017-10-13 16:36:13
1894603026,3112136997,2017-10-13 16:36:13
856081229690490880,829479076406640641,2017-10-13 16:36:14
777959732,890891,2017-10-13 16:36:14
17054057,2741168961,2017-10-13 16:36:14
399641811,21413442,2017-10-13 16:36:14
825543782,18220175,2017-10-13 16:36:14
2353510970,14629315,2017-10-13 16:36:14
1222986950,23378774,2017-10-13 16:36:14
2915032890,4114441180,2017-10-13 16:36:15
715339028225089536,4894430746,2017-10-13 16:36:15
89500126,599900800,2017-10-13 16:36:15
2382687116,25100231,2017-10-13 16:36:15
101957336,101957336,2017-10-13 16:36:15
741727748805140480,79293791,2017-10-13 16:36:15
900686930500866049,2773918108,2017-10-13 16:36:16
418402030,954165164,2017-10-13 16:36:16
3183273019,46705002,2017-10-13 16:36:16
2323022905,878778900129628160,2017-10-13 16:36:16
432917529,2983295300,2017-10-13 16:36:16
47868362,91180720,2017-10-13 16:36:16
58341610,3342762723,2017-10-13 16:36:17
2293405086,625298957,2017-10-13 16:36:17
2950730586,1367531,2017-10-13 16:36:17
2740648362,235833507,2017-10-13 16:36:18
302248817,18617668,2017-10-13 16:36:18
2817903506,2928084396,2017-10-13 16:36:18
328684327,277664286,2017-10-13 16:36:18
1473259129,812418125182464000,2017-10-13 16:36:19
711420655,1694175655,2017-10-13 16:36:19
405955869,584361635,2017-10-13 16:36:19
365280355,555666506,2017-10-13 16:36:20
723304608,4237191745,2017-10-13 16:36:20
354706498,2572335954,2017-10-13 16:36:20
245443142,100893294,2017-10-13 16:36:20
6745972,26377999,2017-10-13 16:36:21
870503031896330240,714938090314457088,2017-10-13 16:36:21
174784417,215207998,2017-10-13 16:36:21
872449712506322945,865189695508148224,2017-10-13 16:36:21
224230929,1349173934,2017-10-13 16:36:22
853669718,2548779510,2017-10-13 16:36:22
727474639467851780,635991508,2017-10-13 16:36:23
779101622307737601,1016021178,2017-10-13 16:36:23
777243721238654976,839099917121511425,2017-10-13 16:36:23
727566735298035712,727566735298035712,2017-10-13 16:36:24
600541550,550336226,2017-10-13 16:36:24
2686779180,725528274198130690,2017-10-13 16:36:25
786391305253326848,793780996806156289,2017-10-13 16:36:25
3194890336,3194890336,2017-10-13 16:36:25
207783084,2467791,2017-10-13 16:36:26
97152102,3264949920,2017-10-13 16:36:25
2482378711,3397479485,2017-10-13 16:36:26
152033213,304932002,2017-10-13 16:36:26
1668401526,3538276037,2017-10-13 16:36:26
385651701,147305691,2017-10-13 16:36:26
1271013866,26257166,2017-10-13 16:36:27
29508980,29508980,2017-10-13 16:36:27
2953861484,866953267,2017-10-13 16:36:28
327237124,18377624,2017-10-13 16:36:28
1468401554,12378512,2017-10-13 16:36:28
191649388,64545740,2017-10-13 16:36:28
1435847292,2736711539,2017-10-13 16:36:28
2930053749,353956746,2017-10-13 16:36:28
104352242,2895180218,2017-10-13 16:36:28
158415952,143080663,2017-10-13 16:36:28
325862777,784243169705676800,2017-10-13 16:36:29
14572554,16664681,2017-10-13 16:36:29
486092663,2223966157,2017-10-13 16:36:29
30409694,1460621689,2017-10-13 16:36:29
92921696,786325413802934272,2017-10-13 16:36:30
3731199134,3731199134,2017-10-13 16:36:30
369658690,332135836,2017-10-13 16:36:30
15638249,136300373,2017-10-13 16:36:30
46745375,2595371162,2017-10-13 16:36:30
827487002,281344938,2017-10-13 16:36:31
266322609,137885283,2017-10-13 16:36:31
1586994889,985356463,2017-10-13 16:36:32
463496240,384611317,2017-10-13 16:36:32
2268031873,132774626,2017-10-13 16:36:33
2432973510,695301146269786112,2017-10-13 16:36:33
231447038,2248215751,2017-10-13 16:36:34
1648578810,621254841,2017-10-13 16:36:34
744589244,3259891826,2017-10-13 16:36:34
937996790,506632089,2017-10-13 16:36:34
3038249676,176224244,2017-10-13 16:36:34
2400350617,32501175,2017-10-13 16:36:35
284695417,4517565515,2017-10-13 16:36:35
704811663690752000,2438753880,2017-10-13 16:36:35
21405070,920125542,2017-10-13 16:36:35
906858104,34304231,2017-10-13 16:36:35
3319105417,59511386,2017-10-13 16:36:35
53553998,251485814,2017-10-13 16:36:36
2512396795,200761876,2017-10-13 16:36:36
4180066667,89233329,2017-10-13 16:36:37
382443685,3394835403,2017-10-13 16:36:37
3460875749,1917731,2017-10-13 16:36:37
599208874,62183452,2017-10-13 16:36:37
437110691,80825033,2017-10-13 16:36:37
3247950049,331285463,2017-10-13 16:36:38
71044348,110396781,2017-10-13 16:36:38
43066153,365603329,2017-10-13 16:36:38
428658700,723400267,2017-10-13 16:36:38
552013941,875192303111073793,2017-10-13 16:36:38
3324710323,822462665910063105,2017-10-13 16:36:38
1098981192,4448650520,2017-10-13 16:36:39
2182488147,3320478908,2017-10-13 16:36:39
154935688,734175930575388672,2017-10-13 16:36:39
3289264086,1700317789,2017-10-13 16:36:40
51462880,2533617990,2017-10-13 16:36:40
775625838385569796,3193693938,2017-10-13 16:36:40
177475572,177475572,2017-10-13 16:36:40
410389968,14515799,2017-10-13 16:36:40
742827501433430016,2595371162,2017-10-13 16:36:41
587647845,2150450266,2017-10-13 16:36:41
124074892,3246185551,2017-10-13 16:36:42
188365437,505100985,2017-10-13 16:36:42
21498199,42095578,2017-10-13 16:36:42
534415503,860605508,2017-10-13 16:36:42
391637768,1143765612,2017-10-13 16:36:42
458640192,857445764,2017-10-13 16:36:43
1332089360,175198393,2017-10-13 16:36:42
2595254719,872917784639844352,2017-10-13 16:36:43
882403139093094401,759251,2017-10-13 16:36:43
175613076,2462696730,2017-10-13 16:36:44
46923727,1345371854,2017-10-13 16:36:44
4041621793,469022424,2017-10-13 16:36:44
1909211197,804382892218519552,2017-10-13 16:36:44
15443462,25073877,2017-10-13 16:36:44
78236730,2246571052,2017-10-13 16:36:45
87284689,222748571,2017-10-13 16:36:45
258411700,859772163561226242,2017-10-13 16:36:45
2813679126,93876666,2017-10-13 16:36:45
291119643,867481386,2017-10-13 16:36:45
2413432262,88021253,2017-10-13 16:36:45
339671471,52670548,2017-10-13 16:36:45
794340056265670656,2268480788,2017-10-13 16:36:46
59484515,2367928478,2017-10-13 16:36:46
160924299,11856032,2017-10-13 16:36:46
28703048,619516531,2017-10-13 16:36:46
386871800,3278951420,2017-10-13 16:36:47
2502623228,156692504,2017-10-13 16:36:47
34491343,21316253,2017-10-13 16:36:48
2344320786,342909402,2017-10-13 16:36:48
879139444179316736,442548925,2017-10-13 16:36:48
3274937220,564010247,2017-10-13 16:36:48
2740681795,3019779493,2017-10-13 16:36:48
116288377,344429892,2017-10-13 16:36:49
137039322,2808508957,2017-10-13 16:36:49
464123887,1460621689,2017-10-13 16:36:49
1721030808,158477950,2017-10-13 16:36:50
211207200,201766091,2017-10-13 16:36:50
2213573383,2769270931,2017-10-13 16:36:50
59347334,46705002,2017-10-13 16:36:50
229156634,829762239854964736,2017-10-13 16:36:51
236524406,1197155258,2017-10-13 16:36:51
64545740,143139430,2017-10-13 16:36:51
381787819,2602446690,2017-10-13 16:36:52
56459635,25073877,2017-10-13 16:36:52
203075977,308731687,2017-10-13 16:36:52
588680320,241812158,2017-10-13 16:36:52
263371173,369000264,2017-10-13 16:36:52
526894331,108740292,2017-10-13 16:36:52
763808581967720448,3248655245,2017-10-13 16:36:53
497982276,45032910,2017-10-13 16:36:53
933705300,147305691,2017-10-13 16:36:53
160743908,2234719009,2017-10-13 16:36:53
375216336,4502904137,2017-10-13 16:36:54
1554838501,6433472,2017-10-13 16:36:54
57774318,86344052,2017-10-13 16:36:54
239521774,22976125,2017-10-13 16:36:54
1957959002,53664986,2017-10-13 16:36:56
1104599372,2557521,2017-10-13 16:36:56
760730954,744517859922030592,2017-10-13 16:36:56
146717398,12762142,2017-10-13 16:36:56
519977115,2873904602,2017-10-13 16:36:57
275265443,22178780,2017-10-13 16:36:57
2151444996,340771886,2017-10-13 16:36:57
3322657681,68630358,2017-10-13 16:36:57
1672360759,2457703913,2017-10-13 16:36:57
25639159,759251,2017-10-13 16:36:57
926802824,2252740818,2017-10-13 16:36:58
20454965,18197956,2017-10-13 16:36:58
754269584,2835644036,2017-10-13 16:36:58
2869854392,233738395,2017-10-13 16:36:58
146181361,759251,2017-10-13 16:36:58
2738642559,214277336,2017-10-13 16:36:59
46307410,748135888123617280,2017-10-13 16:36:59
2594654654,176864463,2017-10-13 16:36:59
1012170512,2274864913,2017-10-13 16:36:59
824710232815251456,43550862,2017-10-13 16:37:00
1101964988,1630896181,2017-10-13 16:37:00
1438647332,885640138029584385,2017-10-13 16:37:01
297150931,480819245,2017-10-13 16:37:01
221859991,2906860040,2017-10-13 16:37:01
716744886196834304,1029187135,2017-10-13 16:37:01
34124867,18089606,2017-10-13 16:37:01
286390052,53245887,2017-10-13 16:37:01
25890025,14849562,2017-10-13 16:37:01
21874225,3153844428,2017-10-13 16:37:01
855849079741575168,2325926677,2017-10-13 16:37:01
1292023448,1918891800,2017-10-13 16:37:01
64914435,800707492346925056,2017-10-13 16:37:01
226774501,383830912,2017-10-13 16:37:01
3365148124,510987282,2017-10-13 16:37:02
56905881,3079986094,2017-10-13 16:37:02
426234324,377189509,2017-10-13 16:37:02
1208950309,167589549,2017-10-13 16:37:02
529589438,831919678763180032,2017-10-13 16:37:02
3010858500,1146358172,2017-10-13 16:37:02
300509752,330174350,2017-10-13 16:37:03
54061366,81402664,2017-10-13 16:37:03
819674946985197570,1049245586,2017-10-13 16:37:03
44889173,2234658098,2017-10-13 16:37:03
537749031,784837452,2017-10-13 16:37:04
727566735298035712,727566735298035712,2017-10-13 16:37:04
344230199,314114998,2017-10-13 16:37:04
228819593,1181438192,2017-10-13 16:37:04
3297053627,64759256,2017-10-13 16:37:04
1613919042,1858485337,2017-10-13 16:37:04
247156828,131735331,2017-10-13 16:37:04
3110963932,802322082,2017-10-13 16:37:05
2400350617,2460799331,2017-10-13 16:37:05
208923070,849955184117772289,2017-10-13 16:37:05
231728005,2269130208,2017-10-13 16:37:05
746053296025014272,471315367,2017-10-13 16:37:06
300977788,1500129642,2017-10-13 16:37:06
28353263,14861072,2017-10-13 16:37:06
210610556,40927173,2017-10-13 16:37:06
94943101,323901965,2017-10-13 16:37:06
89756616,588805607,2017-10-13 16:37:06
2390065368,2401362534,2017-10-13 16:37:04
17155112,23320003,2017-10-13 16:37:07
361893771,16331010,2017-10-13 16:37:07
18144093,77764733,2017-10-13 16:37:07
789300813969575938,188962246,2017-10-13 16:37:07
941157145,472587261,2017-10-13 16:37:08
106127808,267429175,2017-10-13 16:37:08
2349700584,3020168893,2017-10-13 16:37:08
154996391,511377163,2017-10-13 16:37:08
222907341,14247236,2017-10-13 16:37:09
17412990,244775472,2017-10-13 16:37:09
2887681393,884820161752182786,2017-10-13 16:37:09
2929201609,1950160152,2017-10-13 16:37:09
312390392,32501175,2017-10-13 16:37:09
15245547,2397018138,2017-10-13 16:37:09
27987978,342359738,2017-10-13 16:37:09
261714197,3318354994,2017-10-13 16:37:09
342605301,2420926259,2017-10-13 16:37:09
799051784018919424,241761444,2017-10-13 16:37:10
76185185,524615498,2017-10-13 16:37:10
369658690,3332033662,2017-10-13 16:37:11
125403648,25073877,2017-10-13 16:37:11
367323780,97009495,2017-10-13 16:37:12
164419635,18728203,2017-10-13 16:37:12
934727167,261023298,2017-10-13 16:37:12
19140465,2748679671,2017-10-13 16:37:13
2522423297,40059553,2017-10-13 16:37:13
2181127246,635894633,2017-10-13 16:37:13
2207879185,1577609216,2017-10-13 16:37:13
605892463,4795625179,2017-10-13 16:37:13
1325683172,3320478908,2017-10-13 16:37:13
37537001,21316253,2017-10-13 16:37:13
559036153,4913810798,2017-10-13 16:37:14
242322241,41144996,2017-10-13 16:37:13
2929338954,2161117190,2017-10-13 16:37:14
234989023,512798260,2017-10-13 16:37:14
1138297646,33583496,2017-10-13 16:37:14
867153716,3286998798,2017-10-13 16:37:14
50168771,890891,2017-10-13 16:37:15
55101852,30332062,2017-10-13 16:37:15
237089251,1917731,2017-10-13 16:37:15
2566602756,807095,2017-10-13 16:37:15
2863370251,2942993494,2017-10-13 16:37:15
3243376836,3243376836,2017-10-13 16:37:15
321715971,254145412,2017-10-13 16:37:15
37740107,31583882,2017-10-13 16:37:16
3245636389,862431550390120450,2017-10-13 16:37:16
223555807,304932002,2017-10-13 16:37:16
2232494158,2232494158,2017-10-13 16:37:16
2735865813,16973333,2017-10-13 16:37:16
234170636,3044790431,2017-10-13 16:37:16
214797614,370538778,2017-10-13 16:37:16
68819514,28107258,2017-10-13 16:37:18
810070519,3146413624,2017-10-13 16:37:18
1331017538,3128754678,2017-10-13 16:37:18
612336666,331962814,2017-10-13 16:37:18
718149456269418496,703892524340015104,2017-10-13 16:37:18
227234227,68989391,2017-10-13 16:37:18
591973307,18266688,2017-10-13 16:37:18
2381394596,3040144383,2017-10-13 16:37:19
41032193,2835326652,2017-10-13 16:37:19
831358760908111872,822215673812119553,2017-10-13 16:37:19
906858104,34304231,2017-10-13 16:37:19
72346599,23885430,2017-10-13 16:37:19
440948002,904045448096296960,2017-10-13 16:37:21
43285408,379928655,2017-10-13 16:37:21
1230844302,38936142,2017-10-13 16:37:21
320961183,504041508,2017-10-13 16:37:21
462211876,369583954,2017-10-13 16:37:21
579379762,1242132770,2017-10-13 16:37:21
226616445,18576060,2017-10-13 16:37:22
69507116,51241574,2017-10-13 16:37:22
299462605,8192222,2017-10-13 16:37:22
626696143,1271563202,2017-10-13 16:37:22
352685378,24955197,2017-10-13 16:37:22
207783084,868856461,2017-10-13 16:37:23
895499838543994880,3051585208,2017-10-13 16:37:23
325109352,730857192405008384,2017-10-13 16:37:23
1256377962,249673965,2017-10-13 16:37:23
3765572533,730656074,2017-10-13 16:37:23
1611845604,177210192,2017-10-13 16:37:23
23480851,234955485,2017-10-13 16:37:23
446423011,1210376070,2017-10-13 16:37:24
1183624524,764105303126265857,2017-10-13 16:37:24
708121484355616768,3362909645,2017-10-13 16:37:25
915397760723050496,259942122,2017-10-13 16:37:25
422312455,594727942,2017-10-13 16:37:25
76743311,22870112,2017-10-13 16:37:25
14468566,9695312,2017-10-13 16:37:26
824646862292602884,163636661,2017-10-13 16:37:26
297753368,283241120,2017-10-13 16:37:27
27337867,930100261,2017-10-13 16:37:27
813703873,463966148,2017-10-13 16:37:27
2940707102,28764873,2017-10-13 16:37:28
3009370331,101559701,2017-10-13 16:37:28
2835609842,615211487,2017-10-13 16:37:28
191649388,128071870,2017-10-13 16:37:28
2512731095,42447494,2017-10-13 16:37:28
256989198,466474149,2017-10-13 16:37:28
142117030,853275891404869632,2017-10-13 16:37:28
2939683492,26580506,2017-10-13 16:37:28
82855366,42447494,2017-10-13 16:37:28
2475740946,26053643,2017-10-13 16:37:29
27816366,213969309,2017-10-13 16:37:29
760439275,3236556468,2017-10-13 16:37:29
1421356142,457984599,2017-10-13 16:37:29
2694225408,587517391,2017-10-13 16:37:29
712869620156350464,304932002,2017-10-13 16:37:29
707750310,1283561876,2017-10-13 16:37:29
364973445,851108442,2017-10-13 16:37:30
58667646,874600502050394112,2017-10-13 16:37:30
1445509308,977040662,2017-10-13 16:37:30
3280648200,757404849914908672,2017-10-13 16:37:30
2878456171,57316742,2017-10-13 16:37:30
2596505748,17363976,2017-10-13 16:37:31
349438070,3320478908,2017-10-13 16:37:31
264956914,4879752741,2017-10-13 16:37:31
450004613,895014043932540928,2017-10-13 16:37:31
606507880,32501175,2017-10-13 16:37:32
40596345,325076723,2017-10-13 16:37:32
82411670,370870461,2017-10-13 16:37:32
27149428,801537175,2017-10-13 16:37:32
2451768314,373456146,2017-10-13 16:37:33
3019779493,2740681795,2017-10-13 16:37:33
176268063,106910309,2017-10-13 16:37:33
3100017086,38213768,2017-10-13 16:37:34
2376578897,868660676,2017-10-13 16:37:34
611738548,32501175,2017-10-13 16:37:34
2929338954,1116226014,2017-10-13 16:37:34
139877699,170551685,2017-10-13 16:37:35
618321591,322940688,2017-10-13 16:37:35
30959533,101736223,2017-10-13 16:37:35
859629679896035329,2173988189,2017-10-13 16:37:36
543127074,3589074679,2017-10-13 16:37:36
56861044,386244525,2017-10-13 16:37:36
4629092897,1296829746,2017-10-13 16:37:36
269962865,234568403,2017-10-13 16:37:37
329528053,1338386636,2017-10-13 16:37:37
2359537176,41634520,2017-10-13 16:37:37
449208880,6108862,2017-10-13 16:37:37
764995256,800494843197681664,2017-10-13 16:37:37
313475671,65336484,2017-10-13 16:37:37
741034252536406016,628776007,2017-10-13 16:37:37
392937086,392937086,2017-10-13 16:37:37
153564070,459516221,2017-10-13 16:37:38
802574212040916992,818910970567344128,2017-10-13 16:37:38
39925138,241544156,2017-10-13 16:37:38
483471645,2575809935,2017-10-13 16:37:39
271195087,361192401,2017-10-13 16:37:40
1067185632,32501175,2017-10-13 16:37:40
1440128834,57565229,2017-10-13 16:37:40
28625481,33112287,2017-10-13 16:37:41
892784386277613568,321284751,2017-10-13 16:37:41
896479171320266753,334831949,2017-10-13 16:37:41
3162983832,3464589377,2017-10-13 16:37:41
246357481,135575197,2017-10-13 16:37:42
188080203,312230865,2017-10-13 16:37:42
53683891,1582088834,2017-10-13 16:37:42
2379967148,119509520,2017-10-13 16:37:42
1672360759,730925978730405888,2017-10-13 16:37:43
262020237,167421802,2017-10-13 16:37:43
1129499792,1016021178,2017-10-13 16:37:43
3310895157,2463665965,2017-10-13 16:37:43
2155864594,985942994,2017-10-13 16:37:43
2708839711,33823226,2017-10-13 16:37:44
35192696,787676699240570880,2017-10-13 16:37:44
466084994,3185442024,2017-10-13 16:37:44
2345994277,498177610,2017-10-13 16:37:44
60727802,239173363,2017-10-13 16:37:45
919464055,2241334020,2017-10-13 16:37:45
327646942,3871966349,2017-10-13 16:37:45
4818432574,25073877,2017-10-13 16:37:45
384129478,156692504,2017-10-13 16:37:45
396742013,634676291,2017-10-13 16:37:46
2208075481,235833507,2017-10-13 16:37:46
613734624,2161117190,2017-10-13 16:37:46
149951411,354117783,2017-10-13 16:37:46
236885968,3066095122,2017-10-13 16:37:47
176158750,3054346993,2017-10-13 16:37:47
454648314,44568071,2017-10-13 16:37:47
15321866,286998245,2017-10-13 16:37:47
4028355914,14269771,2017-10-13 16:37:47
2796428166,181572333,2017-10-13 16:37:47
856081229690490880,755057897583804416,2017-10-13 16:37:48
1597016690,1597016690,2017-10-13 16:37:48
115882430,74820061,2017-10-13 16:37:48
2147938919,2370909344,2017-10-13 16:37:48
745605537073500165,91035770,2017-10-13 16:37:48
519184730,743261143477665792,2017-10-13 16:37:49
129954208,1615845996,2017-10-13 16:37:49
883160405476028417,8044452,2017-10-13 16:37:49
497982276,2805917152,2017-10-13 16:37:49
830461254,312840253,2017-10-13 16:37:49
2547565911,2557174931,2017-10-13 16:37:49
191649388,143139430,2017-10-13 16:37:50
321674976,3233402826,2017-10-13 16:37:50
14098607,16879936,2017-10-13 16:37:50
3948084732,30541715,2017-10-13 16:37:50
27064554,1367531,2017-10-13 16:37:50
229156634,829762239854964736,2017-10-13 16:37:51
1260894572,231879007,2017-10-13 16:37:51
282164422,21323607,2017-10-13 16:37:51
2621627951,2914150754,2017-10-13 16:37:51
416062933,80825033,2017-10-13 16:37:52
43259852,15999738,2017-10-13 16:37:52
2751919235,18197956,2017-10-13 16:37:52
194713944,65698096,2017-10-13 16:37:52
497579904,542193069,2017-10-13 16:37:53
230855462,230855462,2017-10-13 16:37:53
2546279218,50462343,2017-10-13 16:37:54
2563674428,1000850210,2017-10-13 16:37:54
544874646,3105440746,2017-10-13 16:37:54
21405070,584093916,2017-10-13 16:37:54
2500461173,2717557345,2017-10-13 16:37:54
232023726,304932002,2017-10-13 16:37:55
2531829048,18342955,2017-10-13 16:37:55
167197113,32871086,2017-10-13 16:37:55
1223261574,3251401261,2017-10-13 16:37:55
231086061,68526369,2017-10-13 16:37:55
1496783341,725255153821962241,2017-10-13 16:37:56
64559204,238277202,2017-10-13 16:37:57
171291078,1312367672,2017-10-13 16:37:57
1700463290,533597879,2017-10-13 16:37:57
1223286877,589760993,2017-10-13 16:37:57
344494405,163562125,2017-10-13 16:37:57
778743670648418306,93245571,2017-10-13 16:37:57
2736711539,1435847292,2017-10-13 16:37:57
90324500,2241248221,2017-10-13 16:37:57
862150037442142208,3712590975,2017-10-13 16:37:57
725084618,4357673293,2017-10-13 16:37:58
2234109819,3109203611,2017-10-13 16:37:58
97597369,546798894,2017-10-13 16:37:58
38058680,2318226312,2017-10-13 16:37:58
543692474,803657877491695616,2017-10-13 16:37:58
2230434007,2196930127,2017-10-13 16:37:59
2321686003,819080471262789632,2017-10-13 16:37:59
3336186046,768557805284581376,2017-10-13 16:37:59
161325439,2557174931,2017-10-13 16:37:59
177475572,177475572,2017-10-13 16:38:00
779416021186797568,589460069,2017-10-13 16:38:00
182149757,2381552262,2017-10-13 16:38:00
786391305253326848,4231295493,2017-10-13 16:38:00
1694797314,16193578,2017-10-13 16:38:00
826094232897277952,909448512,2017-10-13 16:38:01
155095311,286998245,2017-10-13 16:38:01
869196960535683072,2496335227,2017-10-13 16:38:01
725035610,342909402,2017-10-13 16:38:01
1587524840,397016941,2017-10-13 16:38:02
496713871,15837659,2017-10-13 16:38:02
1029119150,2722556944,2017-10-13 16:38:02
25939147,179257518,2017-10-13 16:38:02
119617064,120835612,2017-10-13 16:38:02
27149428,449614269,2017-10-13 16:38:03
819171483037630465,12524522,2017-10-13 16:38:03
1301651917,57565229,2017-10-13 16:38:03
69386275,519072324,2017-10-13 16:38:04
466194798,2569442030,2017-10-13 16:38:03
269317046,906095694,2017-10-13 16:38:04
827487002,719132933,2017-10-13 16:38:04
21407648,5768872,2017-10-13 16:38:04
1673310000,23045383,2017-10-13 16:38:04
2902330796,611959284,2017-10-13 16:38:04
262334545,304932002,2017-10-13 16:38:04
595184749,48484668,2017-10-13 16:38:04
75466524,426488154,2017-10-13 16:38:05
3284229420,32501175,2017-10-13 16:38:06
414405550,82887748,2017-10-13 16:38:06
73586017,1694175655,2017-10-13 16:38:06
262020237,2504780305,2017-10-13 16:38:06
19753870,43775786,2017-10-13 16:38:06
2886368774,1405380540,2017-10-13 16:38:07
627212847,3362909645,2017-10-13 16:38:07
740909390,451208750,2017-10-13 16:38:07
17303943,2463499796,2017-10-13 16:38:08
1439803062,831381660184764418,2017-10-13 16:38:08
2390065368,2401362534,2017-10-13 16:38:08
38253336,1425694616,2017-10-13 16:38:08
3054053256,67972484,2017-10-13 16:38:07
31048041,90114686,2017-10-13 16:38:08
486160719,18152006,2017-10-13 16:38:09
550450330,50004938,2017-10-13 16:38:09
35643290,14278608,2017-10-13 16:38:10
41229855,8859802,2017-10-13 16:38:10
883454533191561219,809827409805643776,2017-10-13 16:38:10
129428265,1165266697,2017-10-13 16:38:10
263944033,348940260,2017-10-13 16:38:10
770357429020332032,14247236,2017-10-13 16:38:10
2314512030,821228728953008128,2017-10-13 16:38:10
886099729355898882,14247236,2017-10-13 16:38:11
724834644,1368421087,2017-10-13 16:38:11
588680320,155066368,2017-10-13 16:38:11
285943316,46991838,2017-10-13 16:38:11
382464040,367355195,2017-10-13 16:38:11
946828410,628776007,2017-10-13 16:38:11
241661441,238699378,2017-10-13 16:38:12
101969810,225556458,2017-10-13 16:38:12
29145455,29798607,2017-10-13 16:38:12
1581784681,369583954,2017-10-13 16:38:12
4123256171,244800486,2017-10-13 16:38:12
2220666319,2485416123,2017-10-13 16:38:13
772791458,1521523532,2017-10-13 16:38:13
25655910,29756346,2017-10-13 16:38:13
727566735298035712,727566735298035712,2017-10-13 16:38:13
1337666508,2879938045,2017-10-13 16:38:13
748391592,357286709,2017-10-13 16:38:13
2917946935,4075891695,2017-10-13 16:38:13
1290361332,309324495,2017-10-13 16:38:14
3190037076,3114427119,2017-10-13 16:38:14
4129623345,181400181,2017-10-13 16:38:14
898415186,4729042902,2017-10-13 16:38:14
169040397,55845061,2017-10-13 16:38:15
178682105,374596144,2017-10-13 16:38:15
18754596,623023142,2017-10-13 16:38:16
3005423785,1697205673,2017-10-13 16:38:16
105494675,714251366399623172,2017-10-13 16:38:17
393006082,393006082,2017-10-13 16:38:18
138638462,369583954,2017-10-13 16:38:18
1072899732,66618379,2017-10-13 16:38:19
1634218448,457877484,2017-10-13 16:38:19
3880993215,299674713,2017-10-13 16:38:19
363997560,125122481,2017-10-13 16:38:20
489965610,50633388,2017-10-13 16:38:20
1703263891,22518192,2017-10-13 16:38:20
1442773699,3295496294,2017-10-13 16:38:20
119469533,846063700851249153,2017-10-13 16:38:20
284690537,11912362,2017-10-13 16:38:20
3324356081,244655353,2017-10-13 16:38:20
2948011564,271196059,2017-10-13 16:38:21
4221024915,2577306588,2017-10-13 16:38:21
915392124622966784,1378000488,2017-10-13 16:38:21
1183624524,764105303126265857,2017-10-13 16:38:22
338153842,897544168435843072,2017-10-13 16:38:22
598848101,321722795,2017-10-13 16:38:23
325317171,1316946506,2017-10-13 16:38:23
27189557,1096381,2017-10-13 16:38:23
37060055,16313592,2017-10-13 16:38:23
453317776,23826155,2017-10-13 16:38:23
850453651747291136,755113,2017-10-13 16:38:23
522740929,396750457,2017-10-13 16:38:23
259509236,2416398494,2017-10-13 16:38:24
299462605,2586414132,2017-10-13 16:38:24
88506494,23885430,2017-10-13 16:38:24
918540289861591041,918540289861591041,2017-10-13 16:38:25
2460007030,1252764865,2017-10-13 16:38:25
852268884031832064,755113,2017-10-13 16:38:26
1151461375,160372392,2017-10-13 16:38:26
903247178,15439395,2017-10-13 16:38:26
199747710,784139599236911104,2017-10-13 16:38:27
162729371,71555651,2017-10-13 16:38:26
91282251,911941308570378241,2017-10-13 16:38:27
462447569,3081464485,2017-10-13 16:38:27
238385359,94415188,2017-10-13 16:38:27
143577158,516962634,2017-10-13 16:38:28
123547827,468646961,2017-10-13 16:38:28
223009948,814863165850812416,2017-10-13 16:38:28
2757067134,3302050501,2017-10-13 16:38:28
742827501433430016,2185342314,2017-10-13 16:38:28
892439656775782404,3287792876,2017-10-13 16:38:28
208923070,849955184117772289,2017-10-13 16:38:29
1081005558,916767064794193920,2017-10-13 16:38:29
3005249586,748391120347013121,2017-10-13 16:38:29
125260957,148593732,2017-10-13 16:38:30
1413775838,2903806964,2017-10-13 16:38:30
248358974,251496825,2017-10-13 16:38:30
3397276383,3397276383,2017-10-13 16:38:30
441355744,60643366,2017-10-13 16:38:30
1866041544,2376705571,2017-10-13 16:38:30
774781800,310611356,2017-10-13 16:38:30
889810664,736940431603306496,2017-10-13 16:38:31
777243721238654976,33191848,2017-10-13 16:38:31
199838825,17681513,2017-10-13 16:38:31
134905379,820147408457830400,2017-10-13 16:38:31
61599442,299674713,2017-10-13 16:38:31
1952703254,85956124,2017-10-13 16:38:31
2207879185,389854714,2017-10-13 16:38:32
56144206,233415010,2017-10-13 16:38:32
440948002,1366330580,2017-10-13 16:38:32
19140465,24253430,2017-10-13 16:38:32
2391548514,2391548514,2017-10-13 16:38:32
242797009,318482708,2017-10-13 16:38:32
556915492,556915492,2017-10-13 16:38:33
1967974706,354347533,2017-10-13 16:38:33
370098497,282695161,2017-10-13 16:38:33
2222481195,73767560,2017-10-13 16:38:34
295433403,2717348751,2017-10-13 16:38:34
744595459,4691215039,2017-10-13 16:38:34
743567676,2726513591,2017-10-13 16:38:34
160924299,51263592,2017-10-13 16:38:34
28295459,3377482181,2017-10-13 16:38:34
99351609,2877141315,2017-10-13 16:38:34
228623111,1370986902,2017-10-13 16:38:34
55101852,237953862,2017-10-13 16:38:34
60468671,38026186,2017-10-13 16:38:35
1897476054,309177563,2017-10-13 16:38:35
2617767523,191649388,2017-10-13 16:38:35
392694800,7157132,2017-10-13 16:38:35
53419464,177289494,2017-10-13 16:38:36
120664256,2909809895,2017-10-13 16:38:36
2908416566,2685757177,2017-10-13 16:38:36
1262989184,1258557169,2017-10-13 16:38:36
201151453,181604076,2017-10-13 16:38:36
591553636,14689728,2017-10-13 16:38:36
324346933,202656540,2017-10-13 16:38:37
73450842,23818581,2017-10-13 16:38:36
109162028,31336759,2017-10-13 16:38:37
64929124,2147634381,2017-10-13 16:38:37
1848325208,262951508,2017-10-13 16:38:38
857709654247342081,547365453,2017-10-13 16:38:38
779289721,465243348,2017-10-13 16:38:38
34433717,80871637,2017-10-13 16:38:38
18457820,834081571493785600,2017-10-13 16:38:38
17554402,15131310,2017-10-13 16:38:39
186680806,30180137,2017-10-13 16:38:39
45476105,4895729679,2017-10-13 16:38:39
48177301,1906344235,2017-10-13 16:38:40
905776405,18201114,2017-10-13 16:38:40
727566735298035712,727566735298035712,2017-10-13 16:38:40
553254903,39173899,2017-10-13 16:38:40
234108940,304725377,2017-10-13 16:38:40
384066250,631310817,2017-10-13 16:38:41
370884589,3320478908,2017-10-13 16:38:41
3234259573,902736565419560966,2017-10-13 16:38:42
1674893390,1033873458,2017-10-13 16:38:42
632374708,827186757225611266,2017-10-13 16:38:42
148894501,62760327,2017-10-13 16:38:42
38508194,66674335,2017-10-13 16:38:43
2150218000,35015950,2017-10-13 16:38:44
787723035499433984,2497250954,2017-10-13 16:38:44
481330119,4430941396,2017-10-13 16:38:44
18655998,3459392835,2017-10-13 16:38:44
101009314,259882225,2017-10-13 16:38:44
3474551054,222111535,2017-10-13 16:38:44
203560007,203560007,2017-10-13 16:38:45
18926802,21258337,2017-10-13 16:38:45
579379762,2401362534,2017-10-13 16:38:45
2902330796,611959284,2017-10-13 16:38:46
258411700,873013374254186496,2017-10-13 16:38:46
3349645744,561204083,2017-10-13 16:38:47
95975081,57206589,2017-10-13 16:38:47
269317046,132448153,2017-10-13 16:38:47
1249750429,122486098,2017-10-13 16:38:47
877691291995426816,3311938854,2017-10-13 16:38:48
3941178854,319528903,2017-10-13 16:38:48
2758569153,3287792876,2017-10-13 16:38:49
542961492,764263155862081536,2017-10-13 16:38:49
398454978,750778549062078464,2017-10-13 16:38:49
893958080,1842701690,2017-10-13 16:38:50
754783506648092672,2250188133,2017-10-13 16:38:50
263310477,426802416,2017-10-13 16:38:50
222386037,21586418,2017-10-13 16:38:50
523699232,82887748,2017-10-13 16:38:50
521725265,3394441277,2017-10-13 16:38:50
2369834995,632301055,2017-10-13 16:38:51
1971685717,32501175,2017-10-13 16:38:51
41592478,336445332,2017-10-13 16:38:51
86746614,115264552,2017-10-13 16:38:52
73964620,2316383071,2017-10-13 16:38:52
912406964,18152006,2017-10-13 16:38:52
369055527,37606708,2017-10-13 16:38:52
1904139295,730857192405008384,2017-10-13 16:38:52
102849780,236636515,2017-10-13 16:38:52
3237550668,2766670408,2017-10-13 16:38:53
362210318,341567459,2017-10-13 16:38:53
1102877420,1678628532,2017-10-13 16:38:52
1129615668,10982522,2017-10-13 16:38:53
491385820,102271972,2017-10-13 16:38:54
295342842,1176046537,2017-10-13 16:38:54
154354470,30385478,2017-10-13 16:38:54
162729371,23885430,2017-10-13 16:38:54
272461223,314691495,2017-10-13 16:38:55
1545908792,4896937725,2017-10-13 16:38:56
404968476,4752025969,2017-10-13 16:38:56
2730486731,2928084396,2017-10-13 16:38:56
879791111975383041,14839147,2017-10-13 16:38:56
740909390,57565229,2017-10-13 16:38:57
770357429020332032,14247236,2017-10-13 16:38:57
339463726,1942298018,2017-10-13 16:38:57
889893920,363379398,2017-10-13 16:38:58
2183703030,53558196,2017-10-13 16:38:59
15989658,112599598,2017-10-13 16:38:59
257830087,33021462,2017-10-13 16:38:59
2984089157,764598965924982785,2017-10-13 16:38:59
2504637588,32501175,2017-10-13 16:38:59
317226598,333303472,2017-10-13 16:38:59
2735865813,244655353,2017-10-13 16:39:00
2789015035,2768056950,2017-10-13 16:39:00
3293998033,348590880,2017-10-13 16:39:01
3025980004,13615722,2017-10-13 16:39:01
1628676205,545004722,2017-10-13 16:39:01
250434880,759610922,2017-10-13 16:39:01
176184142,3066598042,2017-10-13 16:39:01
35193051,330686234,2017-10-13 16:39:02
874469849992278016,304932002,2017-10-13 16:39:02
1301590891,488515774,2017-10-13 16:39:02
3296058608,3296058608,2017-10-13 16:39:03
1214136181,16573941,2017-10-13 16:39:03
2574444447,119593082,2017-10-13 16:39:03
1101425455,4441009701,2017-10-13 16:39:03
595184749,2203841396,2017-10-13 16:39:03
2318381467,196565589,2017-10-13 16:39:04
737904216950382592,70151087,2017-10-13 16:39:04
53553998,362805544,2017-10-13 16:39:04
247753609,26257166,2017-10-13 16:39:04
727566735298035712,727566735298035712,2017-10-13 16:39:04
56905881,1652541,2017-10-13 16:39:04
1138760580,2717145245,2017-10-13 16:39:04
4147981812,82532813,2017-10-13 16:39:04
266863630,34458467,2017-10-13 16:39:05
15443462,25073877,2017-10-13 16:39:05
2755476052,1327235209,2017-10-13 16:39:05
48843993,17053281,2017-10-13 16:39:05
2833393872,1938416316,2017-10-13 16:39:05
348008778,2895180218,2017-10-13 16:39:05
123403650,3362909645,2017-10-13 16:39:05
1539069235,454996755,2017-10-13 16:39:05
1687291381,2759052791,2017-10-13 16:39:05
304703503,1917731,2017-10-13 16:39:05
2414554315,400888361,2017-10-13 16:39:05
801224706,18152006,2017-10-13 16:39:06
1669234602,755113,2017-10-13 16:39:06
30959533,101736223,2017-10-13 16:39:06
2349471268,426307253,2017-10-13 16:39:07
3112361840,46197784,2017-10-13 16:39:07
849408834,849408834,2017-10-13 16:39:06
381840058,381840058,2017-10-13 16:39:07
368094526,702738244979458048,2017-10-13 16:39:07
14278608,22703645,2017-10-13 16:39:07
59442668,19778786,2017-10-13 16:39:07
1719405918,604135727,2017-10-13 16:39:08
325376405,745372228854775808,2017-10-13 16:39:08
1226219738,37666270,2017-10-13 16:39:08
382969533,2623935663,2017-10-13 16:39:09
38945972,2942038501,2017-10-13 16:39:09
177783712,2776862168,2017-10-13 16:39:09
2822029108,2464485409,2017-10-13 16:39:09
98534915,260080364,2017-10-13 16:39:09
222618700,174522627,2017-10-13 16:39:10
19305822,796578568176365568,2017-10-13 16:39:10
573700312,257172614,2017-10-13 16:39:10
2284184562,351146388,2017-10-13 16:39:10
2225631696,2482772162,2017-10-13 16:39:10
512412540,304932002,2017-10-13 16:39:10
20077668,26257166,2017-10-13 16:39:10
304754802,2774749037,2017-10-13 16:39:10
911281742,27667866,2017-10-13 16:39:11
1549523270,3239996040,2017-10-13 16:39:11
613628550,613628550,2017-10-13 16:39:11
937849273,163574022,2017-10-13 16:39:11
598751171,357286709,2017-10-13 16:39:12
802216530763202561,2733967279,2017-10-13 16:39:12
318628277,1016021178,2017-10-13 16:39:12
903016654778621952,353940721,2017-10-13 16:39:12
1559562098,22041467,2017-10-13 16:39:13
508193125,2172498307,2017-10-13 16:39:13
363060508,1079059327,2017-10-13 16:39:13
405826482,829762239854964736,2017-10-13 16:39:13
258508738,319150371,2017-10-13 16:39:14
2525830250,18257270,2017-10-13 16:39:14
3189965448,26257166,2017-10-13 16:39:14
270542339,60726048,2017-10-13 16:39:15
224230929,15974153,2017-10-13 16:39:15
420908849,434545375,2017-10-13 16:39:15
48912097,186039764,2017-10-13 16:39:15
746598436632412160,4442996740,2017-10-13 16:39:15
228819593,419156720,2017-10-13 16:39:15
41960210,886342651041198080,2017-10-13 16:39:15
854898548,4258124938,2017-10-13 16:39:15
777712028060258304,1186606560,2017-10-13 16:39:16
27504130,4895729679,2017-10-13 16:39:16
633158698,116502459,2017-10-13 16:39:16
236976126,797208603375665153,2017-10-13 16:39:16
203560007,203560007,2017-10-13 16:39:16
85202128,63095746,2017-10-13 16:39:16
48177301,1671795726,2017-10-13 16:39:17
177475572,177475572,2017-10-13 16:39:17
2278267580,23528353,2017-10-13 16:39:17
274791069,23885430,2017-10-13 16:39:18
1641050708,1369703420,2017-10-13 16:39:18
2547565911,628776007,2017-10-13 16:39:19
872449712506322945,206819447,2017-10-13 16:39:19
462591628,181572333,2017-10-13 16:39:19
836809220,2740308707,2017-10-13 16:39:19
519184730,4340783361,2017-10-13 16:39:19
231740353,38438612,2017-10-13 16:39:19
418442043,18152006,2017-10-13 16:39:19
556330265,580328711,2017-10-13 16:39:19
56848238,56848238,2017-10-13 16:39:20
2380136779,50189730,2017-10-13 16:39:20
126732937,115979444,2017-10-13 16:39:20
1964098316,3518527336,2017-10-13 16:39:20
1941140840,29614331,2017-10-13 16:39:21
170005819,2321687268,2017-10-13 16:39:21
2175111823,950716284,2017-10-13 16:39:22
2163572636,556366535,2017-10-13 16:39:22
804850658004320256,804850658004320256,2017-10-13 16:39:22
41436303,3044790431,2017-10-13 16:39:22
187797632,45905243,2017-10-13 16:39:23
701258185873584128,807095,2017-10-13 16:39:23
2582721524,818941136,2017-10-13 16:39:23
2517047056,19426551,2017-10-13 16:39:23
2758569153,81708958,2017-10-13 16:39:24
918578773435527168,25084916,2017-10-13 16:39:24
614726039,14940354,2017-10-13 16:39:24
356923702,1385792378,2017-10-13 16:39:24
3139696327,605118408,2017-10-13 16:39:25
362210318,341567459,2017-10-13 16:39:25
1455614791,32871086,2017-10-13 16:39:25
815297194895044608,462104542,2017-10-13 16:39:26
1663672554,570560025,2017-10-13 16:39:26
841640034,215207998,2017-10-13 16:39:26
3056931256,285781005,2017-10-13 16:39:26
3002321746,2417586104,2017-10-13 16:39:26
2489149387,748474585,2017-10-13 16:39:26
1064134394,2196930127,2017-10-13 16:39:27
44252886,322770373,2017-10-13 16:39:27
2736711539,1435847292,2017-10-13 16:39:27
709472686733443072,259469231,2017-10-13 16:39:27
332280370,2490904690,2017-10-13 16:39:28
3403684991,1337785291,2017-10-13 16:39:28
837779742522806277,916835973849341959,2017-10-13 16:39:28
886054402770862081,1187647735,2017-10-13 16:39:28
3218327377,323901965,2017-10-13 16:39:28
1022138280,215207998,2017-10-13 16:39:28
1081005558,774667629055410176,2017-10-13 16:39:29
381787819,2602446690,2017-10-13 16:39:29
2815178768,40288957,2017-10-13 16:39:29
1856064967,34563205,2017-10-13 16:39:29
20077668,170861207,2017-10-13 16:39:29
3087242599,425321196,2017-10-13 16:39:29
102827584,42560650,2017-10-13 16:39:30
918540289861591041,918540289861591041,2017-10-13 16:39:30
316040538,3320478908,2017-10-13 16:39:30
21229293,493316465,2017-10-13 16:39:30
412027179,757074558373343232,2017-10-13 16:39:30
827003541017460738,822215673812119553,2017-10-13 16:39:30
359758383,2467791,2017-10-13 16:39:30
550423777,1573794324,2017-10-13 16:39:31
862150037442142208,3712590975,2017-10-13 16:39:31
1036563571,101566602,2017-10-13 16:39:31
2765214004,311030461,2017-10-13 16:39:31
226616445,1586885647,2017-10-13 16:39:31
737128535576465408,766294812421189633,2017-10-13 16:39:31
16808582,537645111,2017-10-13 16:39:32
3084534676,30205586,2017-10-13 16:39:32
27339422,73250729,2017-10-13 16:39:32
507579979,1327235209,2017-10-13 16:39:32
2660372775,714793011683561472,2017-10-13 16:39:32
2815579992,1099639837,2017-10-13 16:39:33
127304226,56867786,2017-10-13 16:39:33
588680320,407451260,2017-10-13 16:39:33
24417626,34700777,2017-10-13 16:39:34
767071363,780508031712792576,2017-10-13 16:39:34
267298859,2377708978,2017-10-13 16:39:34
208923070,849955184117772289,2017-10-13 16:39:34
1679894720,84708371,2017-10-13 16:39:34
232918389,1942152284,2017-10-13 16:39:34
450737591,16621413,2017-10-13 16:39:35
245443142,100893294,2017-10-13 16:39:34
3156876100,23885430,2017-10-13 16:39:35
264870081,1694175655,2017-10-13 16:39:35
67494190,23818581,2017-10-13 16:39:36
3331360631,1516742000,2017-10-13 16:39:36
2266813274,32501175,2017-10-13 16:39:36
262735484,1366330580,2017-10-13 16:39:36
17695016,25690886,2017-10-13 16:39:37
609440157,247653244,2017-10-13 16:39:37
4437004880,1313904720,2017-10-13 16:39:37
1547042546,210083095,2017-10-13 16:39:37
870503031896330240,563970248,2017-10-13 16:39:37
940362348,2735511486,2017-10-13 16:39:37
3342005351,431653292,2017-10-13 16:39:37
4914578480,304932002,2017-10-13 16:39:38
152827128,20542450,2017-10-13 16:39:38
777243721238654976,4259148751,2017-10-13 16:39:38
335473055,1569510908,2017-10-13 16:39:38
3195637345,2314512030,2017-10-13 16:39:38
452137309,6433472,2017-10-13 16:39:39
125260957,125260957,2017-10-13 16:39:39
803326147,19797489,2017-10-13 16:39:39
1624383636,790840974742163456,2017-10-13 16:39:39
2349060570,241402123,2017-10-13 16:39:39
280850136,58397932,2017-10-13 16:39:39
16393971,319951733,2017-10-13 16:39:39
3195878672,29442313,2017-10-13 16:39:40
1257304958,59836566,2017-10-13 16:39:40
302706918,740410802,2017-10-13 16:39:40
97799101,431936980,2017-10-13 16:39:40
81247197,18033816,2017-10-13 16:39:40
497918658,304932002,2017-10-13 16:39:40
320840150,15553222,2017-10-13 16:39:40
35193051,4894667173,2017-10-13 16:39:41
17545795,35270579,2017-10-13 16:39:42
2648888033,3036824611,2017-10-13 16:39:42
1355815435,3081464485,2017-10-13 16:39:42
716260089556914180,4745321977,2017-10-13 16:39:42
2464059458,2431442101,2017-10-13 16:39:43
94013391,3382529603,2017-10-13 16:39:43
243303169,349009448,2017-10-13 16:39:43
4460177114,2937710581,2017-10-13 16:39:43
804407202563899393,201105629,2017-10-13 16:39:44
612771269,244978426,2017-10-13 16:39:43
353484366,4729706435,2017-10-13 16:39:44
738167991079079937,2897913300,2017-10-13 16:39:44
137401138,78451687,2017-10-13 16:39:44
727566735298035712,727566735298035712,2017-10-13 16:39:44
494405960,3592261589,2017-10-13 16:39:45
994345801,2379585602,2017-10-13 16:39:45
3100017086,3100017086,2017-10-13 16:39:45
27064554,1367531,2017-10-13 16:39:45
3287642868,890891,2017-10-13 16:39:45
635627127,609937164,2017-10-13 16:39:46
2707932984,248294290,2017-10-13 16:39:45
707496223,66903727,2017-10-13 16:39:46
238385359,120835612,2017-10-13 16:39:46
1971685717,2756925518,2017-10-13 16:39:46
152422537,124985854,2017-10-13 16:39:47
1483167392,1486558566,2017-10-13 16:39:47
140539885,2828517079,2017-10-13 16:39:47
63650625,776196808909336577,2017-10-13 16:39:47
48177301,234577609,2017-10-13 16:39:48
826508956084219904,1705977966,2017-10-13 16:39:48
258108404,27133902,2017-10-13 16:39:48
66496935,745372228854775808,2017-10-13 16:39:49
2473219659,3911239745,2017-10-13 16:39:49
136662898,159317358,2017-10-13 16:39:50
759352164,15222806,2017-10-13 16:39:50
4399228994,607367690,2017-10-13 16:39:49
2385778243,2808508957,2017-10-13 16:39:50
285912976,2770284386,2017-10-13 16:39:50
428514372,2377039886,2017-10-13 16:39:50
457266444,14324209,2017-10-13 16:39:50
2617767523,2222700106,2017-10-13 16:39:51
344399395,3096973088,2017-10-13 16:39:51
30386648,107188092,2017-10-13 16:39:51
293659938,95431448,2017-10-13 16:39:51
389510562,389510562,2017-10-13 16:39:51
1230844302,20508720,2017-10-13 16:39:52
1027351519,717520428764438528,2017-10-13 16:39:52
50932593,591920061,2017-10-13 16:39:52
2692686123,264361128,2017-10-13 16:39:52
2730503151,707570550734872577,2017-10-13 16:39:52
22829540,759251,2017-10-13 16:39:53
569549300,182662974,2017-10-13 16:39:53
169040397,46769281,2017-10-13 16:39:53
898415186,1273017336,2017-10-13 16:39:53
314091087,735005565911453696,2017-10-13 16:39:53
597597490,342347053,2017-10-13 16:39:54
81758168,27421147,2017-10-13 16:39:54
760562257994608640,862431550390120450,2017-10-13 16:39:54
2235300954,57440411,2017-10-13 16:39:54
2400350617,296623811,2017-10-13 16:39:54
355660358,69157174,2017-10-13 16:39:54
2935428533,16719596,2017-10-13 16:39:54
231086061,3246673821,2017-10-13 16:39:55
2282981554,377413605,2017-10-13 16:39:55
3287321347,2231716329,2017-10-13 16:39:56
1325257790,2802806245,2017-10-13 16:39:56
328245411,18911295,2017-10-13 16:39:56
2525622733,12828572,2017-10-13 16:39:56
3112361840,46197784,2017-10-13 16:39:56
608441230,332961120,2017-10-13 16:39:57
859517755719950336,1327235209,2017-10-13 16:39:56
737904216950382592,70151087,2017-10-13 16:39:57
98746796,828738602175758336,2017-10-13 16:39:57
408068752,103324445,2017-10-13 16:39:58
702852841879293952,987335952,2017-10-13 16:39:58
44978606,4895729679,2017-10-13 16:39:58
1304304656,1589934985,2017-10-13 16:39:59
2563674428,324726435,2017-10-13 16:40:00
759724886021378051,839300788702875649,2017-10-13 16:39:59
3380992617,858717791188373504,2017-10-13 16:39:59
312390392,49748301,2017-10-13 16:40:00
237946972,1433662586,2017-10-13 16:40:00
232984959,1626804686,2017-10-13 16:40:00
427196762,727958286302121986,2017-10-13 16:40:00
280850136,1557203545,2017-10-13 16:40:00
25761543,22048152,2017-10-13 16:40:00
2735865813,1917731,2017-10-13 16:40:00
789500197491642368,2182137258,2017-10-13 16:40:00
2374193592,353060311,2017-10-13 16:40:01
82530727,1480852568,2017-10-13 16:40:01
335955321,56001097,2017-10-13 16:40:01
805464752,82887748,2017-10-13 16:40:02
901268864,1016021178,2017-10-13 16:40:02
2381394596,27744454,2017-10-13 16:40:02
2404908931,25733912,2017-10-13 16:40:02
180961193,829762239854964736,2017-10-13 16:40:03
231691115,506198497,2017-10-13 16:40:03
415042769,19472645,2017-10-13 16:40:03
2425928737,38751107,2017-10-13 16:40:03
1864748316,2386121457,2017-10-13 16:40:03
1539069235,802846879184732160,2017-10-13 16:40:03
1242917604,58889572,2017-10-13 16:40:03
2947530036,18197956,2017-10-13 16:40:03
321051813,42415236,2017-10-13 16:40:03
2887681393,604546751,2017-10-13 16:40:04
70151087,737904216950382592,2017-10-13 16:40:04
322116880,6577642,2017-10-13 16:40:05
65879742,68630358,2017-10-13 16:40:06
68222472,1470809052,2017-10-13 16:40:06
762928045,282309256,2017-10-13 16:40:06
18548120,2517870086,2017-10-13 16:40:06
38508194,177439309,2017-10-13 16:40:06
25750526,25073877,2017-10-13 16:40:06
2822558919,14248129,2017-10-13 16:40:06
146181361,233149440,2017-10-13 16:40:07
1967842039,237027028,2017-10-13 16:40:07
2761405399,2968626011,2017-10-13 16:40:07
362655016,3209720109,2017-10-13 16:40:08
247494367,11134252,2017-10-13 16:40:08
98746796,304932002,2017-10-13 16:40:08
1223285070,23885430,2017-10-13 16:40:09
1350508945,1350508945,2017-10-13 16:40:09
314001085,434725454,2017-10-13 16:40:09
330801285,25122451,2017-10-13 16:40:09
307511913,461953713,2017-10-13 16:40:09
855540450,264990891,2017-10-13 16:40:09
738167991079079937,245620101,2017-10-13 16:40:10
443882209,476281566,2017-10-13 16:40:10
1222552290,203653545,2017-10-13 16:40:11
870503031896330240,956068764,2017-10-13 16:40:11
166648845,3141090266,2017-10-13 16:40:11
751611933984485376,32501175,2017-10-13 16:40:11
21405070,80752590,2017-10-13 16:40:11
437949474,145468530,2017-10-13 16:40:11
138245675,958156806,2017-10-13 16:40:12
401790429,328851495,2017-10-13 16:40:12
760542302,80825033,2017-10-13 16:40:12
528765138,1472506963,2017-10-13 16:40:12
2824440637,549788597,2017-10-13 16:40:12
431887966,43775786,2017-10-13 16:40:12
3117473248,3085799771,2017-10-13 16:40:12
76743311,296010334,2017-10-13 16:40:12
83195895,14556945,2017-10-13 16:40:12
14564479,181572333,2017-10-13 16:40:13
707362989142310914,4812060492,2017-10-13 16:40:13
2295078366,49080870,2017-10-13 16:40:13
23209058,1639790436,2017-10-13 16:40:14
780841925771272192,3349645744,2017-10-13 16:40:14
1305591176,25525507,2017-10-13 16:40:15
2314400559,2314400559,2017-10-13 16:40:15
208923070,849955184117772289,2017-10-13 16:40:15
1384999267,304932002,2017-10-13 16:40:15
3251731588,908328641700024320,2017-10-13 16:40:15
761924136910270464,304932002,2017-10-13 16:40:16
237089251,26642006,2017-10-13 16:40:15
229156634,854482484649574400,2017-10-13 16:40:15
2725347015,21155964,2017-10-13 16:40:16
35287196,27934142,2017-10-13 16:40:16
618523492,2508700221,2017-10-13 16:40:16
787467322495602688,304932002,2017-10-13 16:40:17
