Id,Label,Followers,Lang
249673965,Princessbri2u,383,en
820035566330753024,CautiouslyPod,210,en
869196960535683072,Firedup4god1995,252,en
2909809895,dolansmalik,1354,en
90801734,El_Trimax,1456,es
46745375,RevolverJerm,1637,en
193385983,Nate_Denny,642,en
520934209,Jackie_Martin14,307,en
612336666,baagels,1970,en
849408834,BC_Case14,613,en
261023298,politiCOHEN_,9344,en
754783506648092672,loveshroon,59,en
42305988,WhoWasNea,7704,en
340771886,Htxnan_,1361,en
2182137258,AnaSofaKingCoo,25529,en
59484515,WartburgCollege,4478,en
854482484649574400,luvyyavery,268,en
1597016690,chevychevelle48,2946,en
30205586,Adweek,576118,en
1325257790,GTR_B_Rock04,545,en
373798127,nsmillaa,150,en
2321687268,sarvanieloheimo,33370,en
2717145245,MegKMcCarthy,63,en
47806130,Bryan700,62328,en
3194805146,playboywalt,1458,en
883160405476028417,angelicafelatte,31,es
4439832017,riannon_simpson,336,en
3081677861,JHU_BDPs,1061,en
19753870,kakakatey,396,en
187797632,TreyB3M,1428,en
2959314162,geekinterrupted,548,en
2182488147,A_Stoll5,407,en
404968476,craig_jordan05,342,en
744454819285442560,milliebbrown,650605,en
17958426,MikePradaSBN,36946,en
937849273,holsingerc58,566,en
2513800802,dremunna,776,en
1139001474,SeFutbol,1951005,es
370870461,StelliumMgmt,226,en
1273017336,brittanylynn003,689,en
976963416,ICFigueroa_,213,es
1076663137,PrincipalTSwil,636,en
169040397,art_introvert,791,en
21586418,danawhite,4837339,en
135575197,triplesixreyes,408,en
126732937,William_Ryann,213,en
3040144383,DarthJada_,1050,en
46557945,StevenTDennis,59952,en
2172935923,RoyFord_24,973,en
2246571052,BohoOutfitters,348937,en
1325683172,alaina_ables,1394,en
1630796316,elite99thc,1317,en
2463665965,repstevekulik,1051,en
4430941396,safercitiesca,285,en
812418125182464000,mikbrynt,330,en
972651,mashable,9378186,en
3218794568,poutyho,2979,es
832154653,erickstorey62,667,en
43775786,stoolpresidente,520739,en
68551737,Tarankparmar,1050,en
73586017,LVstackiN,373,en
19697314,unclesahm,613,en
350085951,iamlamarqus_,588,en
419043719,LindaSpencerYYC,1095,en
3324356081,SamTaylor_Atty,160,en
533597879,MariaaVerenice_,509,en
1586994889,cassidyshooster,688,en
3342005351,jennnyyyl1,234,en
263491709,bellavaron,865,en
3457551736,HomeB4Dark,408,en
258082954,bnhildebrand_,1225,en
885160904479920128,ShaStyle_,82,en
614651117,3ZeroLelouch,1848,en
695301146269786112,kbrijackson,723,en
2356971642,MorettiJake,236,en
412027179,juliansmall_,438,en
2636246147,platano_maduro1,2519,en
1257304958,demetricfelton7,1759,en
33021462,gentieuink,69,en
1151461375,austin_smith909,991,en
3221853756,ItianAvila,365,en
60468671,mikewichter,1808,en
188230263,itsboyschapter,511283,en
769920599627968512,lollxim,485,en
2151444996,CHavard11,704,en
570219533,removeObama2012,290,en
62582590,Richardlabbe,23473,fr
504041508,dameclt,2714,en
1250639984,MakavelliTheKid,1577,en
401656531,KyleEdwards,1322241,en
60891574,Lindsay_Prekker,386,en
1337666508,ErikaLowery,932,en
16664681,latimes,3070254,en
1549523270,BattlesReggie,2053,en
24495618,SharSaysSo,2963,en
15649290,lisadaily,4071,en
1039049761,jmylesr13,515,en
1316946506,_quixnx,349,en
774781800,reggievmcb,1081,en
166648845,jordan_strong14,1729,en
2379585602,_s_a_n_d_r_a17,344,en
78190788,ZiehlNeelsen_,1723,es
837779742522806277,klagares1,50,en
14098607,jkfecke,9010,en
3005249586,tatianacammacho,480,en
21258337,TheView,649752,en
370098497,richcat308,203,en
3331995035,artrbl,9032,en
727474639467851780,JamonS19,1112,en
125122481,DepressedDarth,822961,en
2567292679,fredwalton216,1108,en
382969533,edithizilbethXO,250,en
1642221864,captainH20,283,en
869104459,CaroleoAnthony,501,en
423734352,KidWicked__,726,en
1726343066,UhCanIGetUhMerc,548,en
2415306104,indihanna_,579,en
392694800,JayydanB,304,en
1495434313,JakeCapano,372,en
506198497,Anna_Stegall,944,en
102271972,ou_country,423,en
613734624,FuckYoCouch36,866,en
605892463,_waywardmama,531,en
233415010,andres2610an,3745,es
23528353,RossMartin_IC,5785,en
2808508957,TheBarberPost,222877,en
83882798,NerudaArts,1419,en
1350508945,lamesyd,9882,en
769965840,kilImemoe,1894,en
2482084226,TheAddyAdmiral,2187,en
17412990,TCS37,3065,en
39109577,jordan_street07,806,en
783116738258841600,VMwareClarity,974,en
262382486,ash6988,895,en
2266494829,Inrahwetrust,1407,en
2486903679,adamshehab_,459,en
550450330,Ga_Bouchard,354,fr
21327085,RKromer5,123,en
19777749,heathercorinna,7368,en
917362729530388480,PreachFerg,48,en
8859802,ChicagoSports,30347,en
65702224,Mary_Bridge,1551,en
543692474,eejaaytee,1142,en
3295496294,NelDingo,831,en
31035033,CoachEngelke,439,en
2196930127,IowaChill,34816,en
355909492,KingLouieBanks,2048,en
742744221749219329,alexisscott__,244,en
3005423785,favorite_qb,357,en
286390052,ljf1017,250,en
419298908,BabyyCheyChey,716,en
284695417,Cakeasaurus,273,en
1668432062,ALMiGHTY_O3x,450,en
3365148124,_keyloves,998,en
362210318,JoneyJone5,271,en
52532264,YahbooDGAF,1713,en
18377624,BritniDWrites,18128,en
52670548,taysymonee,2921,en
17054057,MindOfPryze,1427,en
76743311,TreDay421,501,en
3028424322,asiahh__,15159,en
37740107,JMShaffer,19818,en
57741304,Marketplace,101481,en
63095746,AGoldFan,12996,en
356923702,BJ_Glash,1080,en
27064554,Rickey612,192,en
873013374254186496,___shhhlumi,401,en
409170684,GuessWho_Me_Ayo,882,en
909448512,a_americafirst,52117,en
50462343,patresemonique,1826,en
97785622,MemoHidroRayo,655,es
116609849,Did_it_MyWay,1988,en
3253962492,NiggaCommentary,568025,en
1365236088,itschadjimenez,205,en
22317367,djsnake,1156685,en
770949865169883136,lilpump,441048,en
2213573383,lildev04,884,en
1939860914,ProFootballDoc,70239,en
402023562,J_branch11,321,en
2725347015,nexuspong,143,en
804850658004320256,ChangeHart,11,en
2500461173,alanna_7102,258,en
40519997,ochocinco,3654029,en
496713871,_chynaberrytree,1307,en
176268063,TheMorrisonView,3919,en
549788597,TSwiftNZ,96238,en
34304231,SpecSportsWI,4423,en
335769675,RenaeMae,345,en
44889173,haricarie,584,en
23320003,jonfeng1,1360,en
780841925771272192,GodJahi,32,en
711420655,CassidyAnnM,279,en
25992637,amandafclark,2552,en-gb
451208750,_QueeDaGoat,619,en
2234658098,issajae_,32654,en
1256377962,_Angxl,960,en
2930053749,NoHoesDre,10608,en
3880993215,stevehamlin19,539,en
878778900129628160,semajsimmons,1505,en
1355213989,ZikelReddick,841,en
17524406,TatyanaJenene,1715,en
22048152,instinctmag,42072,en
3709512207,joannalynnnn_,108,en
4729706435,Heyy_jass,172,en
724834644,madelyn_grace15,897,en
629522028,EmilyKlausmeyer,403,en
489965610,robey_kush,155,en
258508738,TriggaVae,9123,en
203653545,caleybedore,1190,en
838995876,patrishyabishhh,411,en
2577306588,Lowkey,185512,en
1406073296,fxck_trilla,1191,en
480130355,Alyssa_JNai,687,en
252124100,GingerMcQueen,29000,en
2147954701,m_laviano,185,en
295342842,_SiimonSays,504,en
379936623,BigDawgFatz,2311,en
2482378711,ManiMulan,977,en
16514539,VisitTheSault,3739,en
1187647735,Dory,2307047,en
299462605,Cr0000k,2007,en
704811663690752000,onlynapping,112,en
3339993159,_princesssbb,287,en
16621413,djenuff,398860,en
304645584,COCOABUTTERRRR,1958,en
1608576246,KI_Central,10467,en
2265449684,Partyninja40,105,en
1870326187,RealPToniD,1535,en
25703546,bonniez45,277,en
526894331,EsbeCastellanos,105,es
259961075,FrshPrnceBENAIR,833,en
345118895,Nicky_F44,773,en
607815297,ThorRoach,105,en
18201114,MaximMag,468878,en
865189695508148224,dancingcharles,1523,en
25617676,MeaagSieglinde,1719,en
388603043,__Kajonica,4836,en
605118408,AndersonNeedham,876,en
127458485,MALLYPULLUP,923,en
241761444,KatHeartwell,31869,en
1682012622,JDemocrats,291,en
3195637345,HotRelly__,1369,en
2586414132,unrulybabyhair,3918,en
1020058453,BuzzFeedNews,1046381,en
208923070,DamontTheGoat,9937,en
1352753672,trudaddytilly,1674,en
710021988,vylin__,271,en
2935428533,iingenitoo,681,en
855540450,sarah_k_11,895,en
128071870,Bakary510,3088,en
93245571,tirilim,2302,tr
583887601,sydneejoy23,1109,en
790947294736703489,remiller1947,221,en
361192401,robertpenaRD,1040,es
3387545114,EscobarLillean,43,es
3110824912,Farmercpmichael,99,en
4258124938,_theonlymermaid,1293,en
1018689319,H00DFEM,5827,en
573285606,zacharylarue,1250,en
1849979304,Why_USearching,1061,en
567674625,ashleyeneri,791,en
2606620163,sevin_andrew,445,en
4147981812,cedar_leda,202,en
2756925518,aalexisy,1172,en
886971564482334720,teegotdajuice_,1504,en
19127750,ZaidaGrunes,2185,en
1208950309,Kendrek,618,en
109162028,hanayang,1916,en
632374708,DEBishopMSP,450,en
427196762,mb6____,2789,en
913055393269653504,PaulNewhouser,26,en
3038496115,Galassiabeats,1882,en
15443462,mshonhall,626,en
1883843198,dripping_ingold,165,en
233149440,jaramilloutier,6517,es
457355530,arb_2016,398,en
31048041,ij_andretti,1327,en
292695791,Ladiesluvlarry,504,en
4764867800,Rock4Trump,4137,en
2353510970,OfTheWest_,309,en
44978606,heeterstweeter,804,en
3314971415,ZeelandRec,179,en
181258165,blvnnt__,4420,en
73964620,elizabeth_malm,1770,en
2777229217,wibwJonathan,1693,en
488515774,THESLUMPGOD,232918,en
331962814,TomZohar,1230,en
1283561876,BSchweinsteiger,4557875,de
306096623,Rabab_Zaidi,252,en
101957336,dianafvmoore,2683,en
3060831721,marissaadiazz,3371,en
450737591,B1GLEEK,1370,en
107188092,DomIzDope,1365,en
29905001,PINKnPATRON,2596,en
587211365,BigGabeO,268,en
41032193,DreaLeAnn,237,en
706189918507237376,_Genee2X,641,en
4321097811,Foto_Hlstoria,14534,es
2983295300,nihilist_arbys,312606,en
426802416,JuwanJHill,1278,en
325862777,iveyjanette_207,1899,en
741034252536406016,_SharkBates_,1424,en
97597369,_Suburbs_,680,en
16573941,netflix,3721651,en
730857192405008384,TheHerdNow,6259,en
18197956,BryanAGraham,11375,en
1439803062,D4N4E_,232,en
561204083,stranger_poetry,2603,en
25761543,rickysauceda,361,en
384129478,efilnikufsin,942,en
17303943,kaykay0715,2102,en
900686930500866049,Creepy_Covfefe,2544,en
109035697,TaylorODore,601,en
23561862,jpole1,230,en
784407100394962944,icerich11,384,en
428658700,ciunnateelo,1079,en
3310895157,MattBeatonEEA,1458,en
2349471268,DStrasia,1257,en
349533602,DanaScheider,354,en
4894430746,Kindnessgives,21556,en
66674335,Real_Talk91,1085,en
30386648,MilesJones_FFOE,1460,en
314091087,TUFF_LOVE92,2811,en
167197113,HelenaMGould,523,en
784954669147783168,workinayo,141,en
3731199134,agbugennext,177,en
735005565911453696,TippyLexx,24195,en
334831949,lnedito,223409,es
149951411,jakiellllll,1776,en
112883331,Ayalagarras,93787,es
384066250,hulagyrl101,3286,en
1312367672,MySportsUpdate,85766,en
2381552262,mandythebos,40969,en
886099729355898882,MarthaV56865768,17,en
11744152,yashar,180226,en
15537451,SLAMonline,520927,en
57565229,MrJonCee,5787,en
420908849,mayer_kyle,1030,en
1165266697,JordanxHouston,13532,en
21229293,trebone76,63,en
115882430,shirokaisen,1294,ja
35270579,matthaig1,170072,en
8192222,Jezebel,310471,en
58889572,lsptex,3633,en
82887748,SportsRadioWIP,92890,en
81708958,SlimBaeless,4076,en
716744298113470464,belgamexicana,6371,fr
867481386,The2019Seniors,172176,en
48139979,JChanDaLand,1355,en
125260957,dickheadyash,634,en
258108404,KYLEJOOEE,1211,en
3112136997,heatherrwoodham,558,en
702738244979458048,DjGhostIt,917,en
4259148751,Dianestraley,3323,en
4729042902,DylanHamblin17,138,en
132448153,TeamSagittarius,65763,en
386817479,LucasYoungg,428,en
1313904720,haleynicki_,193,en
51462880,alb_dillane,1191,es
2431232393,King_woolley21,170,en
238767235,zane_MDN,2151,en
141381155,JordynJournals,3143,en
2150450266,XXLfreshman2019,88795,en
411970418,BabyBlondayy,1113,en
853669718,DarkSkinSosa,1689,en
541189532,victoriaxxviii,1484,en
27560352,GabbyFerraro,1297,en
1957959002,austinnolson,1167,en
1244527784,arimariee99,684,en
2397018138,peoplecons,10043,fr
17889886,chrisberez,304,en
2546932110,wong15_,596,en
730656074,chrisvallejo74,264,en
1473259129,AvaBuffa,981,en
737128535576465408,r_mulaa,739,en
730956727248543745,IsaacHoffman20,3040,en
3382529603,__SKIP___,341,en
85870763,_SheBTwerkin_,1938,en
1360207183,MelaniexRamirez,886,en
2282981554,Kinggg_Nelly,1644,en
453317776,tyler_willow,357,en
2733967279,lilaaron911,35970,en
772791458,_dlcita,438,en
314929886,BlowOnMyMike,1326,en
103449767,ms_creilly,625,en
222386037,WavvyTingB,447,en
731616058495389696,tedracobb,133,en
3349645744,Autodidact60,2375,en
815297194895044608,AnnieBJackson,1846,en
2595371162,FuckYaa_17,570,en
90810851,baritonekeith,883,en
546798894,MooreForAll,857,en
48177301,DunDunItAll850,1777,en
23045383,STYGoc,71880,en
82855366,Hirschenhofer,1743,en
727958286302121986,Aye_Vante,706,en
463132443,briaannnaa_,511,en
163562125,norm,607493,en
2316421134,SenecaFCCLA,92,en
822261616498638848,SOYPEPETELLEZ,123,es
802216530763202561,senseiarrow,257,en
495519949,JenWilliamsEdu,37988,en
18457820,karlthepagan,594,en
346123311,SomeRandomGuy5,413,en
295433403,madisonkpowell,653,en
45605183,Alowishus0207,634,en
2460007030,EMBVZLA_RD,3558,es
1480852568,BenSasse,205432,en
454648314,coachdub2911,986,en
165521111,LordSmitteous,289,en
344821791,itstobi21,218,en
159385379,leeannfinessse,544,en
824646862292602884,Darcy59415346,2020,en
1014340561,dismuke_,601,en
67806680,med146,118,en
2582558798,SteeleWars,5645,en
29442313,SenSanders,6501855,en
430799656,T_Elsler47,380,en
176224244,DamnRealPosts,2224566,nl
1445509308,anna_da_creator,646,en
148894501,ashcruse,445,en
174522627,LewSidRaps,2097,en
267298859,Jay_Macck,1232,en
254398092,OCTAVI4N,846,en
18647679,SAStars,27285,en
1349173934,billyvb22,62105,en
154996391,Iam_WhattaWoman,1219,en
68630358,thadnelson,3253,en
35219374,amonbellaaa,688,en
854833257053130754,jjaykobh,58,en
523699232,yaboy_joeyk,249,en
789300813969575938,CarlosEspronce,146,es
5695632,BuzzFeed,6126326,en
471315367,_trinitycromer,11962,en
587647845,lanceyaaa,3721,en
4448650520,airwreck27,203,en
263371173,Samudio14,91887,en
26968843,Chuckles152,5190,en
155934452,JEverton34,869,en
4812060492,KIMSEJEONG_TH,12932,th
2393743736,camwithacivic,1154,en
2909478480,rodrigues_noah,1143,en
1370986902,WSHHFANS,943186,en
754269584,Chitownbuckeye5,682,en
3342762723,TheShopDeals,2495,en
1708612645,reesegar0,495,en
179732982,TheDailyEdge,167767,en
463496240,_ThatGuyRay_,5626,en
68819514,CityBoiCoop,6859,en
495412177,_InDaCloudss,1828,en
2769270931,Ivan7ayala,425,en
452352757,RonBaalke,9235,en
342909402,LincolnRiley,65718,en
1669234602,kingcre1,373,en
321284751,Jon_LeGossip,28899,en
192759385,CLaurendi23,1130,en
1582088834,kylie_knh,1209,en
3087242599,FLYASSTRAPLOPEZ,553,en
821228728953008128,_jalynjnae,2285,en
29756346,MedicineHatNews,10759,en
250447556,sophieloving15,299,en
1029119150,urfavmixed_gul,2113,en
2629463885,IreneDragseth,230,en
1000850210,QINTHECUT,757,en
2349700584,jbutts253,896,en
133081775,_prettypeee,1064,en
625258535,wattscrackin,1067,en
2897913300,LookAtLollyy,18681,en
415042769,CMM2B,445,en
826094232897277952,513_5936,93,en
173655563,Goku,229238,en
143080663,WhoGotNext_Net,593,en
3941178854,lurkingfoaari,519,en
150003563,mariobautista_,3727014,es
827487002,aryanaaaa__,4211,en
800494843197681664,YesBway,6743,en
256543497,eg_TravoisKC,270,en
763935668284239872,President1Trump,23822,en
701725963,nowthisnews,1222461,en
701984483063558144,Kswift4501,52,en
327999412,GA_pearls,1880,en
1384999267,QUEENMlDAS,722,en
2147634381,norwegen9222,3843,en
3277923464,brownsuga_marie,38621,en
201470396,emanyxo,2554,en
175505351,rayfierro,305,es
21413442,quraishi,5438,en
414405550,Sean_M_Gallen,680,en
3044790431,HBCU_Roundtable,97743,en
919464055,TessaMero,3752,en
38058680,Teo_iLikeThis,6819,en
3114427119,RapHubDaily,77124,en
241544156,Cut4,927810,en
110396781,ajplus,758871,en
2648888033,jevinmandy,427,en
1435847292,ashleyfalconn,139,en
365404543,GOhansen330,780,en
859772163561226242,mamiidev,26054,en
242797009,JudoCanada,6142,fr
26785898,KortKobane,1405,en
1678790450,CoachDiesel,1326,en
319528903,_TMillerr,3077,en
15131310,WholeFoods,4860525,en
307511913,DropOfADime_,1233,en
4481676738,badgalfibi,31647,en
848411806162964480,jeremy_ingalls,32,en
1421356142,TKovachNashvil,2326,en
127549772,iLoveMakonnen5D,137549,en
746598436632412160,Leglitch,279,en
934727167,ErrolGlowaki,320,en
1355815435,emilypaigehowe,412,en
1661848598,kevinmccormick0,153,en
504798098,PINKsharky,864,en
386871800,BADkARMA92,312,en
25073877,realDonaldTrump,40497521,en
848284204521672705,King_Chioma,150,en
132774626,GirlPosts,8589009,en
1542211308,DebGoldenDC,2490,en
6108862,joelcomm,914899,en
1615845996,KALIFORNIAKROOK,2161,en
956068764,noheartfound,74436,en
25439090,dezhorasdez,602,pt
797208603375665153,LCFR_HG,71,en
2250188133,JillJacksoff,7984,en
353940721,fxmous_kxng,7572,en
384834222,DAIllusional,4010,en
459516221,Siete24Noticias,70125,es
3087580297,ThereSheGlo,213,en
66496935,NYC_Ferns,2115,en
1589934985,BrandonTeweets,146,en
241661441,_belligerent,1245,en
15245547,stacy_e_k,885,en
17006157,paulkrugman,3614826,en
437110691,jakefaight19,561,en
611959284,FreakingTrue,2512896,en
535446863,LoManana_,2308,en
3239996040,cheetahrose155,2708,en
2708839711,Zykerriaw_,3684,en
607367690,ComunicacionSEG,7016,es
822215673812119553,WhiteHouse,15679035,en
820147408457830400,ComentarioDicho,337,en
505100985,ATTPolicyCA,1584,en
25639159,DaUglyFriend,328,en
3287321347,Nekkohbk,1416,en
415231553,braxtonpowell96,1296,en
2177420990,storyinpicture,1220113,en
895014043932540928,FTFonFS1,21972,en
870503031896330240,lusciousslaay,906,en
2748679671,TheAndreaJlopez,35,en
521725265,allwhitesilk,160,en
2230434007,creepakauz,505,en
619823160,aimee_c2012,433,en
370538778,AmandaPesca,246,en
222907341,IA_Kelli,321,en
180503626,Eagles,2392178,en
175198393,lilyachty,2267385,en
176184142,TheRudinGroup,13744,en
2207879185,jamesiac504,2216,en
790840974742163456,frankiez75,3036,en
2574444447,mhlewis8,310,en
237953862,ThatsJustQuan,4389,en
2692686123,_booty_warrior,770,en
1595565355,SlickScoot,34536,en
1573794324,crimeforgod,1711,en
2802221676,kopfjagersmith,8138,en
20670943,JLeiper,6694,en
755616956779261952,Meagannn_renee,208,en
614726039,jeljewell,1171,en
3289264086,loftalone,1567,en
124985854,eaglescentral,7856,en
809827409805643776,BoomerangToons,25296,en
1842701690,ricedaddy7,52202,en
584361635,TheRealTayRoc,36070,en
327990253,LauraButler6,3492,en
878336636391739395,MarksMayor,151,en
419156720,nalia23,9100,en
2451768314,FxckDiamond_,3484,en
18617668,leiladey,1877,en
2835609842,SuzyQTucker,68,en
4221024915,angelina_giovan,1027,en
3287652996,hjwildcat,440,en
499311662,BaseballBros,94720,en
850453651747291136,LaurenUpstart,61,en
778743670648418306,factorygirl87,210,tr
834081571493785600,PreetBharara,463141,en
149726145,RickRoss,3730560,en
743155992997691392,GoldenKnights,222151,en
34713362,business,4310228,en
367961329,RaineyOvalle,5970,en
265082938,_YungSaint_,2401,en
245443142,WYcain,5283,en
1426673588,sarraubin13,743,en
248541661,SheriDuBois,300,en
860605508,OVERDOSEIN,13000,en
597597490,DanielleCodding,498,en
2758569153,Youngdreamer42,332,en
2768056950,CoonleyES,804,en
1852644804,thegreatkhalid,1165216,en
1105028167,mahog_any,1568,en
802574212040916992,SusanCoolidge1,192,en
317226598,OGTatum_,2128,en
32494437,NaughtyByNAEtur,1762,en
1409417647,Realest_Flow,297,en
389971257,Mahfoudh88,1897,en
358545917,Cernovich,352548,en
69386275,jbesau,12,en
4041621793,gercleve,259,en
3808502062,druggie,36624,en
186680806,HectorDoveInTht,686,en
2266728150,journeebreanne,1584,en
241402123,ViewssFromKirra,41182,en
2150218000,Finesse_Gawdd,699,en
33112287,MsMyaG,159601,en
2175111823,_sosabrianna,366,en
15222806,NYTMetro,131892,en
758795959593738240,JulieRi39597096,1225,en
48802204,HardballChris,767742,en
718115532,kwoose,35,en
242322241,Yess_Rodriguezz,350,en
68526369,DCSportsBuzzz,2324,en
51113010,YosieDolllx3,1059,en
177210192,IceChoppa,1861,en
25505732,libertycounsel,7236,en
54392326,marjery_n,104,en
119509520,chrisbrown,23542378,en
1327235209,boxycharm,34929,en
3054346993,Qxeenbrii__,514,en
335955321,BakerP_,322,en
2726250042,OsamaGuwop_,24195,en
275265443,blvckct_15,1979,en
137039322,JayVSJane,2801,en
1296829746,danaa_townsend,491,en
2155864594,Mac__Reynolds,183,en
539581949,kchauntel,1356,en
2318381467,JohnFranco_2,1040,en
182662974,GBNMobile,3459,en
2516614945,ItCanWait,126778,en
775889968526786561,nakissiamoet,487,en
2878456171,miss_sadiemarie,137,en
178682105,DanteVerme,468,en
42560650,jonmorosi,248871,en
4758781632,daniiichristine,208,en
418174011,63_yasem,83,tr
2873904602,King_Ayanaa,907,en
18754596,voodoobones,82,en
457877484,YungKakathot,3874,en
6745972,bella_velo,4265,en
2953861484,TrapOtis,367,en
748391592,kiss_my_ash24,451,en
78236730,jjvanthof,200,en
1013399942,NWSL,107798,en
23480851,arborbrewingco,7616,en
573918122,qz,319583,en
413520198,Finesse_Wes,800,en
2475740946,thealanaleblanc,2639,en
56905881,tleehumphrey,557,en
73250729,saygrandaddy,828,en
188365437,KatrinaDestree,285,en
2877141315,TiaraShanta_,2717,en
1470809052,kierraxbabiiee_,3023,en
319150371,_UrSoREPLACED,2409,en
381903860,samwhiteout,71761,en
2377039886,BrandenKooper,484,en
369583954,TheNotoriousMMA,6525469,en
830023658,jtimosmith,295,en
2307074196,_badgyalkaay,3454,en
264361128,Liz_Wheeler,123806,en
2566602756,IMissMyPencils,138,en
4114441180,APSouthRegion,9682,en
3038249676,mancha_rj,445,en
860517282820304896,KillianTrill_,2304,en
3592261589,MizzouReport,45,en
1164853854,TheHybrid96,990,en
292628765,KINGMovement,1242,en
884820161752182786,short_riley,16,en
522740929,alyssloth,1731,en
506632089,ygselena,24587,en
43285408,tamekachristmas,1754,en
123403650,kimmberrlly__,1735,en
857709654247342081,veronicaprincee,56,en
69157174,ClayGeez,541,en
46197784,WilDonnelly,72258,en
44287034,mkarnott,331,en
4745321977,Liz_CNORiley,275,en
570560025,GlokLezner,301,en
16826976,CanadianOpera,19726,en
58341610,Its_Me_Jess18,251,en
203560007,OmarTweetawi,423,en
31583882,glaad,381385,en
1124056099,stayyg0lden,377,en
766294812421189633,deeekums,468,en
908625126056452096,FullMoonApex20,59,en
1950160152,chloe_swierczek,1211,en
2833393872,jackysalazar_,248,en
969593203,astrshwn,1496,en
2863370251,alexandraaxoxo,492,en
1425694616,rpkirschner,222,en
248358974,LilJeNn4,440,en
3105440746,RealKentMurphy,387395,en
442548925,_KammySosa,5232,en
214277336,SpirezAlex_,1049,en
231728005,_mobyy,1575,en
623023142,PuddlesPityP,33056,en
507852276,TacoBellTeam,17375,en
1262989184,braelin,1969,en
2888156450,TheZachHaven,234,en
4104906808,Daytrippen62,677,en
1942152284,ApSnowball,796,en
3460875749,pjmiguel7,394,en
779499317967003652,arellyyasel,1235,en
201151453,maureen_cariou,376,en
538586817,HXRLEEN,12129,en
1516966766,mrJohnnymojo,184,en
25084916,buffalobills,804676,en
3130248213,deonamf,801,en
206819447,DrFGPMDPhD,417,en
738015133,nickyblasko,574,en
633855141,ChelseaFeltman,218,en
1648578810,BigRed_UA,3498,en
537645111,munchies,89728,en
2462696730,Dessi_xo,14814,en
387325101,KobeBackup_,2097,en
906858104,dknapinski,336,en
382443685,Godna_intheAM,624,en
2557174931,ItsPaoloMontal,2259,en
3081464485,veyonceortiz,1148,en
1271013866,PittGuru,15167,en
2401362534,lustedafter,11261,en
1897476054,maggiemartin721,4278,en
426234324,TwistUpTheGreen,2401,en
180961193,caterijulia,518,en
32871086,kylegriffin1,265733,en
126932404,arii_winchester,667,en
348008778,Dufflebag_Red,559,en
705681496,ochejf,637,en
14556945,yvesalexandre,2268,en
2506312159,ABTheGod,232,en
21407648,BrittanyKrystle,3283,en
543127074,tayfurey,1286,en
1967974706,iamchicagoslim,112,en
621254841,RazorbackMBB,143077,en
2933053303,alexsuuh,408,en
20926233,ira,63979,en
164732369,10dsb_,425,en
30280480,cl_music,5651,en
343502001,tiarodio,348,en
70740986,RuPaulsDragRace,660827,en
262334545,TweetyTovar,426,en
1547042546,NoHoesJuan,3868,en
101559701,THEREALDENERRO,1362,en
59347334,Pallyez,105,en
325317171,chrvshve,5761,en
415102222,_MHooks,811,en
2163572636,2snoops1lion,534,en
61599442,PDXToddDiskin,1779,en
635627127,pony_palomino20,689,en
137401138,samy_james,916,es
297753368,DrewHicken15,836,en
497982276,SamFoe_,649,en
3167051595,sawuhz,1686,en
2508700221,Mike98Money,979,en
183479461,BeisbolFrank,770,en
3236447251,zoeearmagost,308,en
2527908763,HouseChoir,1849,en-gb
64545740,apexwyn,807,en
4441009701,OrtegaBodega,619,en
44252886,PopeQuanPaul,2710,en
764595276883435520,aaronjenell,537,en
37537001,shelbyamanduh,183,en
22178780,NBAonTNT,2641334,en
895504910090989568,Fvckchris17,376,en
793780996806156289,magdatit,15485,fr
179257518,_Larry_Lov3,1795,en
2223966157,ArtLifeTrav,20522,en
42447494,Unpersuaded112,48962,en
338153842,lilspicybabe,1740,en
190108159,AllEyesOnBrii,1135,en
121213242,NotesForGirlz,2138032,en
2986524717,coachbrose74,528,en
1559562098,ryanpineda,689,en
623014192,FG4Stew,1210,en
424301831,CoachBruich,1837,en
123547827,Develongevity,550,en
17446621,THR,2713409,en
600225052,drewchatty77,483,en
267429175,lisgodinez,305,es
213867559,KindraNicole,457,en
802646542779813889,poetastrologers,198339,en
839889224,THE2ERA,1272,en
3054314581,buzzingb__,1742,en
481821651,Lybreannaaaa_,1249,en
2379967148,Trd_Saggz61,420,en
2241248221,AlyciaTyre,365486,en
821767467391451137,deploarablepaul,4575,en
199747710,melanie_medinar,663,es
2915842323,patrimonioudeg,223,es
174784417,CEpierso,73,en
360843394,_theycallmetrey,16580,en
21155964,thegeekofsteel,397,en
1176046537,_SheSoBadd,1283,en
2222481195,isabel__rocio,450,en
152941983,Jas_RunShit,2417,en
215767773,CoachDClarke,387,en
1197155258,DomeTufnellPark,2104,en
1455614791,DegoAngelo24,81,en
154935688,angelbyshaggy,667,en
2865018135,TheSeanster1999,254,en
3141090266,anna_8195,445,en
3164229518,goldxnlife_,391,en
1700317789,BIG__RACKS,8408,en
3296058608,shaun3sheep,267,en
2525622733,SMBLab,114,en
527131496,ToddBohannon,1367,en
29508980,digistrategist,1342,en
874469849992278016,panesconpollo,60,en
3765572533,SBakerMD,7418,en
462591628,mollygibson95,934,en
465243348,Avery_Stinnett,927,en
902736565419560966,Sofi_londo_,219,es
2760933286,Caroline_Wacker,257,en
7972552,courierjournal,73521,en
98746796,PaulinoElite,1335,en
2595254719,lorenzovette,3666,en
459839726,caposatl,30290,en
2835326652,ATD_Austin,422,en
101969810,JeffSmithjs,1055,en
104858228,juanmpachecoa,510,es
802846879184732160,DingosUniverse,710,en
14572554,clintw,376,en
50633388,RussoHockey,131296,en
3394441277,MourinhoMindset,29270,en
865025491,derianverdecia,386,en
318628277,kyliesakota,752,en
25890025,shayne571,613,en
1673310000,JakobOnishi,530,en
38438612,StayTooned_N,869,en
377413605,iHeart_BrightMo,789,en
27133902,6LACK,362232,en
204982280,Daveshatamia,4412,en
611738548,urbvnessence,1359,en
264055682,youjoshinme13,125,en
18144093,lcoral,1312,en
822113893,Madi_Whitt,1198,en
336445332,SamHeughan,381144,en
152422537,JohnnyObeid,3192,en
369658690,FoolishNard,1340,en
313475671,asonart1,394,en
712869620156350464,SierraMarieRowe,179,en
383830912,ComedyWorIdStar,244590,en
45943310,jonathantasini,5226,en
138245675,ItsMonet,979,en
327227935,m0by90_,498,en
635895644,EasyMoneyKorb,389,en
9570452,kicksonfire,874275,en
181604076,spy_da,20686,en
222603922,Gio62T,656,en
604135727,Conna_Dub,1633,en
314246540,Meistro19,128,en
46596172,GWhockey,706,en
201766091,RileySnyder,6009,en
618754702,Timmytortuga_,1357,en
461657127,zackkary_2,1601,en
3084611482,LouciferIII,1643,en
303358036,StonerJeff_,1805,en
414323219,GuyCodes,775457,en
57774318,coachajshearon,877,en
19778786,accnow,8604,en
926802824,TonyTheTigrrr01,899,en
786325413802934272,_TheSportsTalk,4912,en
46769281,gucci1017,4529158,en
796578568176365568,TheOfficialPORP,19732,en
3186960200,LatinAMAs,42095,en
3397479485,real_tiamonay,2338,en
556330265,ZaneRies13,1055,en
2890970466,BeamanKurtis,1235,en
50795367,JPgotSOLE,465,en
818910970567344128,VP,4661546,en
87284689,QuikDopee,1228,en
222748571,LazyWrita,239081,en
741727748805140480,ericadaniellle,144,en
859629679896035329,seanspeltright,220,en
86180513,ForksOverKnives,158850,en
567632634,SantinSteph,136,en
559952456,ShydaeNicolee,807,en
483471645,amariev08,496,en
3112361840,az_daniel_,368,en
310611356,3hunnaa__,2176,en
743567676,Tropicana__S,875,en
736940431603306496,NECLiberia,952,en
2906860040,DammmnCam,9726,en
51263592,AdamSchefter,6852716,en
583419713,CrystalSparklee,335,en
1033873458,couurt_g,381,en
886019726,alex_kirshner,2783,en
24607795,IamMyRoss,551,en
911281742,dagen_hughes,369,en
440948002,shanterial_,1684,en
18926802,neacow,168,en
355745076,bettiebloodshed,455,en
2478589212,cheyenneford__,631,en
74820061,Redistrict,76320,en
231086061,NikkiBJaxx417,1296,en
3251062398,MeloniMelodia,1001,en
4795625179,mishaleckis,6193,en
571242055,daygofuego_,1862,en
27337867,iManuelZavala,25409,es
4581001636,mcshanehedges,661,en
223009948,daltonweist7,728,en
16331010,TMZ,4731885,en
127752685,_BIG_KEV,298,en
324726435,vuhsace,131274,en
159307390,CommanderLovely,14140,en
3247950049,almightty_asian,340,en
740410802,asapthug,3330,en
10982522,tamisawyer,3638,en
2349060570,_DArrenay,2135,en
481330119,SafeCityMiss,1024,en
333303472,jpgsophia,3083,en
3117473248,BlairKailee,312,en
3109203611,Ashelinaax,486,en
94013391,dasiawhaley,7630,en
50932593,NdigoJones,1774,en
1067185632,pfinesseteej,527,en
20563554,jearysylves,1643,en
367323780,fleeglejake,296,en
3377482181,TheKicker,16287,en
234170636,belle_fossette,930,en
234180888,allhailla,1672,en
974547492,Eggers_Scott,105,en
161325439,krazziK09,2414,en
3040104513,ThatBloodyPinko,78,en
800707492346925056,axios,126015,en
1079059327,EpicClips,130706,en
887570922,johnkeek,541,en
22308431,UNLV_CHRIS_BUG,145,en
550423777,Letha_Hughes,20742,en
904371382691266561,WakeBoysHoops,125,en
15638249,jamesmielke,11161,en
464123887,NaviWatson,3454,en
22041467,JasonRomano,25768,en
899416613304377344,ShawtyNotBasic,36147,en
462211876,jcls92,1393,en
106127808,alfredo_guate,2797,es
889893920,kiona_carter,1585,en
43042353,Factsionary,4843130,en
1223261574,jharper_7,1461,en
105228862,Quincy_Butler,661,en
296010334,Kevonthebus2,2212,en
872917784639844352,Thirsty_Grunt,4624,en
224230929,Gagreeneyes65,2426,en
231691115,CassHarrington3,641,en
38253336,TheCityClub,15565,en
707750310,AndreGM10,243,en
494405960,realOMF,272,en
229156634,CLOUDSIXPERCY,757,en
748135888123617280,Braeburn_HISD,123,en
232023726,misssmichele,1819,en
2799125187,wakeuptaj,1535,en
2874107140,_miaMiaMIAAA,858,en
701258185873584128,JgravesMCSO,200,en
2869854392,battin_brooke,624,en
22790152,Tigresauce,266,en
4502904137,seancooper_4,1125,en
599900800,LeonardoGoi,616,en
215207998,kurteichenwald,400436,en
285781005,JohnLuTSNMtl,47043,en
559939813,lonely_girl56,189,en
2153648705,thehm25,613,en
15999738,cinemassacre,230088,en
759251,CNN,37986958,en
1110190452,CHIMPSINSOCKS,239392,en
1530078716,the_cado_media,29914,en
812347795,k_parks24,81,en
353484366,BreezyHarvey,469,en
326882005,YanceyCason,625,en
330174350,cjc_26,450,en
184893260,chelsiegeardino,630,en
35287196,Captain_Strongo,1259,en
437949474,hannahscheufler,555,en
332961120,AustinDJordan,158092,en
236194210,FADEQUIS,705,en
407451260,_PatrickSimpson,1222,en
28496589,TenaciousTopper,16227,en
726542307521138688,FCCLACompEvents,346,en
339914949,Matchu_chutrain,1516,en
4752025969,JalalsOfficial,28616,en
14468566,allenvwin,658,en
93876666,JessicaTaylor,26312,en
2838562235,family_ovr_fame,295,en
39925138,Smithers53,617,en
29845726,cptgreenbeard,407,en
703892524340015104,ScottishWRM,8573,en
714793011683561472,ncxcdistance,251,en
512798260,vbCoachNetzler,990,en
97799101,TRILLNEIL_MLS,2309,en
916835973849341959,Y2Dre_,249,en
91050289,pastoremase,35845,en
53200766,Pharaohiic,1396,en
3712590975,99piorg,28218,en
40059553,danielhowell,6584410,en
2469603761,rosario_elmer,1792,en
727566735298035712,LittleRhody9,387,en
858717791188373504,brittdaymare,173,en
1969346438,JohnRMoffitt,77969,en
594727942,s_hassanizadeh,834,en
2179027738,peruvianporvida,543,en
14278608,originalspin,19999,en
2431442101,kiyaleshay_,2998,en
2710652060,FLYGUYSSPORTS,134,en
38026186,JimmyMakaveli,3313,en
6577642,usnews,129951,en
2766670408,_dollyymimi,2386,en
27504130,Scott9406,175,en
1866041544,DanSports2,222,en
744517859922030592,Outside_the_Vox,33730,en
918540289861591041,KrisitnAllison,0,en
18033816,PigsAndPlans,217723,en
214797614,ArianaCiorciari,278,en
129235890,Lrihendry,198236,en
1308829592,TipsForYouDaily,554128,en
756085550231068672,ruca_Tee,234,en
270542339,Pennyboi19,1507,en
2416398494,ND_Athos,44,en
759724886021378051,MichaelGaree,10347,en
85956124,alejocorrales,127,es
148653311,jenanmoussa,163787,en
213969309,LewisHamilton,4914392,en
1223286877,nicholeseagle,623,en
1858485337,abbn0rmal_,170908,en
158415952,ItsTreyFlowers,1356,en
1587524840,tm32__,1909,en
316040538,omargh016,325,es
877691291995426816,LHS_Cheer212,96,en
172858784,timkaine,706930,en
74516561,AdamGoesHam,15490,en
228819593,Thinkerr21,1191,en
3259891826,seth_hamann7,239,en
1623370094,mattshulmanbmx,646,en
26893628,B_Garrity,86,en
29145455,katetscott,37255,en
35643290,ouij,1075,en
524615498,MichaelPeter301,263861,en
28703048,helloimkris,219,en
328245411,subversible,162,en
819171483037630465,hollyhobby_22,42,en
2718278537,Partywithjefe,535,en
12477472,briantong,139290,en
222140514,Somewhereor,2197,es
196565589,fernie_rocha,182,en
33583496,Chiefs,1015615,en
320840150,isaackanye_DJT,696,en
55101852,MrTayLamar,4304,en
239173363,MyLife_asYazzz,843,en
789600333915889668,spittinchiclets,46165,en
708121484355616768,Keepin88real,1250,en
127304226,Jimbointhebooth,1205,en
25122451,aaronbronsteter,3051,en
143577158,paulitareina,89,es
22068704,BestOfBbalI,264485,en
498177610,TheFunnyVine,1517555,en
393469195,redsteeze,101673,en
142117030,TonioFlyazz,2928,en
88567696,ISD192Athletics,1855,en
226690054,SincerelyTumblr,3068657,en
192428459,itsbrunoleon,1173,en
2323022905,ogzeeeee,2001,en
45032910,Marcus_Supreme,2195,en
3168085280,AWGE_isaac,474,en
1682375545,_TreBoogiee,1861,en
35192696,jmcelheny,234,en
89233329,BRICKSBC,39553,en
14669951,DRUDGE_REPORT,1319072,en
116502459,TayWest,212450,en
898415186,baylee_sims,1139,en
43577353,StevenRummage,4172,en
14839147,ericbolling,789414,en
214742709,GabiAnsede,741,es
79293791,rihanna,80068496,en
2220666319,hgjericka,1297,en
233738395,drnkslow,843,en
4895729679,Starting9,23942,en
627212847,christristan_,2237,en
1029187135,His_SmokingGun,10913,en
71044348,Luis_Alejandro9,731,en
589460069,LoveAurah,1304,en
1345371854,fedupppp,5133,en
314691495,BryanTNR,3955,en
363060508,cbee1035,2357,en
1869037224,ColtenTyler3,13406,en
446423011,bingham_trey,1063,en
2563674428,ryfilters,405,en
4231295493,bluemodelz,27016,en
490853461,FraniaNavarro,1072,es
232984959,_Randolla,297,en
80549263,t24comtr,950953,tr
227234227,somesportsguyy,1101,en
266322609,jacky_smacky,799,en
1442773699,TheRealGaashaan,7757,en
272461223,gowithmcgehee,1681,en
397510994,ElizamaTapia,261,es
2241334020,CiscoDevNet,9600,en
58667646,BraidGottaBaig,872,en
962788082,ThornsFC,76679,en
30332062,JohnTheFame,17483,en
5768872,garyvee,1567253,en
2438753880,CatGee1989,3666,en
3251401261,UnoTrayon,1255,en
3552600685,___jaaaayyyy,461,en
1577609216,jaslanaye,39930,en
28743774,extrabaggs,99981,en
2548779510,FOOTBALRLIFE,66908,en
4191502094,JessicaJane247,142,en
2371223545,Cmooone,1180,en
1581784681,ChrisLake34,411,en
2176597932,AjdinKorkman,486,en
173588816,BigJocATL,4091,en
26099475,itsdjluigi,17012,en
95027791,Saadatbaig,106,en
397016941,jb_barker10,123047,en
777243721238654976,DalinPaur,5994,en
26642006,Alyssa_Milano,3218122,en
90114686,_KimChanel_,7161,en
14564479,TeresaBodwell,237,en
35015950,JloRocz,2836,en
396750457,Aubrey_Schmiidt,691,en
3054053256,hmccarty10,560,en
2700594702,kiddstixx,217,en
1143544482,TheInfamousSDR,3189,en
139877699,akaKG5,600,en
2147938919,dgafjose69,791,en
600591467,InappropriateSB,149677,en
1739412500,letmesuckyadick,88952,en
234568403,ANTFERNY,1287,en
1920200430,JosephCSlater,121,en
1652541,Reuters,18853019,en
1483167392,nateweems12,356,en
25905931,brettgeertsma,381,en
225556458,ar_report,94451,en
734175930575388672,urskinjournal,107,en
485298186,MaggieLeis,953,en
3084534676,c_ianniello,167,en
547365453,iamwilliewill,124683,en
177783712,TaraSlone,20178,en
322940688,fattymadiee,922,en
801224706,Davon_Lee17,902,en
45744244,Chewy714,240,en
1332089360,jermaine_ervin,1113,en
892784386277613568,narcissisticlad,326,en
367355195,brentfaiyaz,20147,en
3911239745,ThePerezHilton,101087,en
811893016084365312,JaeforTy,311,en
40596345,theyoungamanda,294,en
589760993,Mahnkecheyenne,2051,en
19305822,pkimery,291,en
236636515,lopezdoriga,7854046,es
91933834,Menokh,385,en
1967842039,1000Jasus,1386,en
26053643,jimmykimmel,10049821,en
88506494,son_ofa_GUNN,815,en
16393971,N_Vergak,1429,en
17214683,ChristianPost,159130,en
2886368774,JadeLuoSantos,388,en
90711550,Knaggsm,7865,en
912406964,goloog,456,en
1258593637,tgya22,1487,en
1700463290,ORMex1994,409,en
987335952,BestBuySupport,15278,en
43425975,NY1,413097,en
468829690,onherperiod,639249,en
3194890336,Parkland_Soccer,485,en
2203841396,dlamontjjr,1381,en
839099917121511425,BlueSea1964,20960,de
981551706,fakechanel,3541,en
245595540,Nyonitz,941,en
47629596,HousingACTION,3152,en
415175105,CerealUnit,699,en
18728203,WPLGLocal10,161741,en
2457703913,MrsPlugg,12587,en
222015255,Quetza80,1696,es
799220151044476928,SHElTHING,273,en
3333688905,______nija,1258,en
18152006,QueenzFlip,14979,en
633158698,kp_smalls,1444,en
14192680,NOLAnews,210264,en
112007280,Ritalinhead,164,en
91180720,MaddowBlog,698365,en
761924136910270464,sidra_salinas,195,en
142267670,36westbrook,165096,en
1639790436,Bigdaddybeba,3947,en
2594654654,itsPeyton__,186,en
1016021178,ColIegeStudent,1382739,en
14102048,CJWilson,503,en
263769777,HoopRecruiter,6292,en
262951508,CulturaColectiv,318585,es
725084618,lizrocks_xo,889,en
453311966,_YungDre23,1034,en
2345994277,KDockery57,62,en
883454533191561219,MoNeY_DaBi_,78,en
2404908931,JayFilson,1164,en
88021253,BHCSports,3708,en
918578773435527168,ii_nicholson,28,en
2235300954,Casandra_Amayya,245,en
264956914,gerald_makaveli,2029,en
9695312,billboard,5536420,en
839300788702875649,_NotFakeNews_,17237,en
3110963932,hua2308,70,en
46923727,mbustamante12,3470,en
392488192,thaicole,1944,en
794057040394145794,adylece__,653,en
591553636,lauher_2309,753,en
2915032890,issagranto,47,en
375266781,Alyssss4,597,en
846479437,RudyTakala,1441,en
476281566,Jgwatney,652,en
23301810,jana1159,182,en
98534915,melissa_713,281,en
854898548,Naees_a_keeper,766,en
296623811,Funny_Truth,3708477,en
43259852,StreetDreamer83,148,en
2751919235,LilMexicooo_,647,en
2813679126,THBevilacqua,627,en
426488154,FIAWEC,207177,en
15846407,TheEllenShow,74411382,en
344399395,eliasramos4,384,en
158879541,adelgadocamacho,647,es
1116226014,ajf23_,921,en
16808582,swishymcjackass,310,en
3185442024,shyshyja,728,en
73767560,MariolaPR,2120,es
260466698,BigBootyJudy814,4104,en
25939147,KiannaBanks,15206,en
124074892,LoveMeeshaa,631,en
24253430,reshmanuel,2227,en
58509123,PerksOfBeingRed,1126,en
3066095122,AbigailCBN,3301,en
1301590891,buddhaonthebeat,158,en
2621627951,Thatscj_,912,en
4146002655,unstoppable__10,640,en
401681146,NiykeeHeaton,569532,en
328303296,__LiyahJ,3784,en
1146358172,TheMarkPantano,106585,en
2732997169,ravenbrachelle,1554,en
81758168,PrezStacks,2866,en
29614331,chochos,783153,es
1678628532,MoonEmojii,32849,en
138638462,branmat14,84,en
595184749,ChefboyRD_15,1626,en
2382687116,MarieBLibrarian,321,en
829973167,rosaortegx,700,en
265805447,TheKingBlair,551,en
241812158,_Lavon314,12016,en
162316410,fuufnf,187,en
759610922,mylesjul,1170,en
3144484834,Joaxay,1323,en
723304608,jorjor_14,294,en
783433760532471808,Bruni46685070,65,en
1486558566,HoopsProvider,49191,en
238699378,brittanyrparish,2556,en
2346301932,oceanmist71,67,en
341567459,festus,135270,en
12524522,mercola,279312,en
3120916534,star_prizzy,253,en
1851146966,RepBarbie88,10920,en
54781136,henszn,431,en
1101425455,seashrubs,276,en
122486098,LandLopers,101769,en
81247197,alohaaalola,1463,en
45476105,PrinzStylz,123,en
369055527,JeannetteCeja,2369,en
334487444,SwaggedOutRob,1373,en
755113,ShaunKing,842295,en
796014635694505984,THISISHIMM,1452,en
119617064,isidrordz,233,es
181400181,LueLueLauren,706,en
2781403435,ThaOnlyGeo,1456,en
359691921,___Kiwi____,174,en
247156828,BunTh3_Que,3982,en
1101964988,TheLife0fCarlos,514,en
860306015996100608,WarriorBurkEddy,31,en
830461254,mrsmueses,167,en
141630899,AceJustin1,1048,en
160743908,TrademarkJuice,2894,en
386244525,carrieunderwood,7746193,en
234980063,alexaiono,516480,en
49698134,JoyAnnReid,870443,en
1249750429,HistoryandWine,1169,en
89500126,OfficialMaggieL,698,en
17155112,yellowcardSCB,3251,en
3403684991,CoachKenyaS,177,en
370430691,JustinHDavidson,933,en
3248655245,NDEWSNews,1350,en
573700312,slprenee,197,en
958156806,BaeFeeling,875000,en
618523492,Ashleysuerox3,1097,en
295847565,iamquintenlamar,1710,en
914649579555115009,Camwithdahandl3,31,en
95975081,minakimes,118162,en
16719596,ultrabrilliant,16582,en
763808581967720448,samuel_b_phd,372,en
2192957172,ciriafr,685,en
1043832404,lauren_curry9,707,en
68387146,rivonrl,1787,es
2514252356,knowfornothing,551,en
591973307,PhilipWegmann,2417,en
937996790,Mgan_Qk7,539,en
55845061,GiggleSmokes,4081,en
1067645118,lafwh,1549,en
1724382360,hende156,133,en
13615722,s8n,255592,en
3025980004,mamiak_mark17,208,en
2625494531,AveriMarie_,15500,en
1231086726,OmaticsZone,211,en
730925978730405888,pupsnplants,1203,en
4340783361,noirgoddess_,2102,en
2789015035,CarpenterCougar,684,en
59037337,franfraschilla,145806,en
767549302596141060,JConrad_Tweets,188,en
512412540,_robbio_,420,en
91035770,viks107,1907,en
20542450,appleinsider,438400,en
368178049,tribecalledcrew,2197,en
32253172,NCBlake,1528,en
236524406,thehotelyear,19314,en
1242132770,donhoove89,17,en
25750526,tedkidd,2197,en
2293405086,RedSoxNationMT2,219,en
556915492,Aparvalhados,2722,pt
109491173,ankurdh,312,en
41960210,QuirkyJERK,3565,en
2386121457,GetBuckets_JJ,1212,en
22367468,SoccerByIves,282651,en
1385792378,litluke14,312,en
2532971932,starrkuteass,1699,en
35114407,ToNYD2WiLD,41133,en
4913810798,LiberalLogic123,18997,en
2380136779,j_meharms,126,en
1183624524,fortprincipal,1267,en
63650625,travismayes,321,en
39664078,simon0108,709,en
2782211491,scienmag,208817,en
377189509,mikelowkey,969,en
38002496,JoeGirvanNBC2,1069,en
564010247,fxcknjess_,1091,en
50004938,NHL,5994090,en
895499838543994880,KVngKeyth,112,en
2375634229,Leek2x,890,en
985356463,polanco_briana,708,en
147305691,RelatableQuote,4147220,en
454334503,Poulos___,193,fr
19140465,TomSportsWUSA9,1319,en
3246673821,kharley___,295,en
1181438192,roodyroodboy,29675,en
2903806964,SheWill4_GMill,399,en
339463726,MiAngel__24,1848,en
3007259076,NickDaugherty8,462,en
767071363,yyauQ,1026,en
16193578,VictoriasSecret,11198778,en
351146388,FBIChicago,13855,en
145468530,Broadside_,13549,en
4799831909,zodiaddicted,232888,en
191649388,Cali_StyleJas,4495,en
282164422,jeremy_epperson,1510,en
50168771,Drew_Magic_,6505,en
140539885,scm4ck,44,en
1280615718,EthanDrawsStuff,589,en
507579979,Arge_liz,358,en
434725454,TroyBakerVA,227213,en
1035801032,zachhenderson50,684,en
15553222,consequence,166829,en
17681513,yokoono,4916620,en
1129499792,MadisonTruel,457,en
2914150754,hailimariee,1783,en
874600502050394112,theqatarinsider,18864,en
382717053,AlertHouston,12001,en
1104599372,colereif,409,en
1129615668,TheJVGuarantee,1018,en
349438070,sscottie_2015,781,en
725528274198130690,Igotextraz,526,en
382825363,markyropes,918,en
286998245,Phil_Lewis_,72959,en
903247178,reid2ler,228,en
115979444,DWStweets,377672,en
56459635,manderz18314,76,en
65336484,CandyCornball,4832,en
392937086,nathanbakker_,1294,pt
331285463,Q_Lizardi,608,en
21316253,ZekeJMiller,202947,en
322770373,GPackChopra,3931,en
432917529,paulkurtz1,666,en
53683891,kennedyshaeee,1904,en
3100971154,raiderracygirl1,177,en
1404172345,JessicaNiles26,340,en
37606708,Schibel,997,en
26580506,si_soccer,101851,en
2234109819,heeyitsalisa,5120,en
1005759336,Plurtoise,4339,en
3274937220,mermaidalexiss,279,en
829448246703579136,e_wineland,232,en
146717398,wyntermitchell,2632,en
230855462,NPiino,693,en
302248817,eyeam_i,387,en
222041995,CharlyMcFly,231,en
318482708,SportCanada_EN,13229,en
718958485145161728,AGuardian91,41,es
244978426,ScottNations,12337,en
762928045,DoohanNohan,900,en
64559204,richardterry85,878,en
857124984417865729,WaveGangDTX,30,en
3009480185,allie_ricketts,628,en
250434880,shes_rADIAnt,3432,en
1902237710,saiahz,5180,en
813703873,suzajourney,282,en
93781828,LockdownJa_LLS,1701,en
275831066,Kinan_Humphrey,3140,en
325376405,amanda_fiorita,492,en
41592478,MarianaCieri,963,en
4629092897,diosasab,451,en
2208075481,Hedda__Chedda,536,en
780863020733825024,AroundAkronBlue,297,en
2232142916,caro_valovich,266,en
2660372775,BrianWikle,46,en
740909390,PoneRaequan,776,en
970895576,dezafag,1355,en
373456146,Thatafricanguy_,586,en
787676699240570880,ProFanzForum,20618,en
16664487,EdwardPentin,9925,en
395424239,ThereseHirst,461,en
38477602,OhioLibraryCncl,2132,en
2937710581,Therealhassani,17618,en
18136130,jppalmCBS,41644,en
724736960,KwameWilborn,1192,en
183247095,Grem_Lark,415,en
46705002,WatchChad,42458,en
182192543,Adam_LZ,120355,en
2485416123,kleeDshay,646,en
770352762,firstwefeast,83351,en
257830087,cWarden94,589,en
3320478908,Stranger_Things,887823,en
16403943,RapSheet,1414587,en
2902330796,aalejandramaf,88,en
2951963678,mombot,30357,en
95431448,BostonGlobe,668535,en
163636661,atlcav,9007,en
297150931,AStylishJedi,851,en
66903727,DonaldGloverrr,291511,en
2572335954,SlimFast_,2849,en
62183452,octoconsulting,996,en
2375878700,BrianUhrle,19,en
176506321,_MatthewBoomin_,1912,en
30959533,Paisa7,91248,en
389510562,brianbeachhomes,295,en
2185342314,Dreaaceline,26582,en
3187398769,leslie_lopez69,717,en
2945297919,ughouis,2394,es
29244477,jdboutpaper,1993,en
1613919042,chloe_durand_,756,en
777712028060258304,Victorr_214,106,en
2774749037,altclassic,84320,en
769314671920766976,ThatsJuhovah,1084,en
129428265,luppeee,509,en
304754802,JJBigHorn,138,en
2826619725,WalkerMrsetw,2435,en
4896937725,carlapunkgirl,2128,en
940362348,Newlysane,2167,en
2795270677,torclean,658,en
293630133,Karen_Barajas,1821,es
1500129642,MattWalshBlog,107309,en
24706050,DBradWhitt,2177,en
930100261,ruizmartha1,835,es
284648135,annieniland,418,en
365603329,MenInBlazers,182865,en
706899433099689984,TattedUpBreezy,89741,en
274791069,mbhusband,201,en
209877528,abcastroe,166,en
90091353,bAcks42,540,en
589128515,BackThePolice,165342,en
769126606870761472,CalvinGzz1,74,es
202630332,NemmyKash,858,en
325076723,zellieimani,102599,en
41154757,WAFB9Sports,7742,en
42415236,vado242,691,en
14173315,NBCNews,5369878,en
481185424,JarvisKelsey,1616,en
787467322495602688,Bigdawggmanny,2019,en
108057230,ellarres,511,en
803657877491695616,nisa985,890,en
4237191745,valiantarmor,873,en
2485297510,Dez415_,1589,en
19272796,RutgersU,124402,en
171291078,BrinsonDrizzy,3199,en
575563336,aniloracgbm,203,en
1242917604,ChicoAJBIII,143,en
508193125,AyeT_Breezy_,1417,en
821621400,Mega_Glowen,110741,es
631310817,MarkYoungTruth,30768,en
202656540,DeLaVinagreth,271,es
344292408,kiralynncaraway,883,en
31545237,LHFpastor,265,en
89756616,Princesssbeauty,1146,en
282695161,WayneDupreeShow,229791,en
11912362,WORLDSTAR,2658379,en
4061529973,hannahmorgant,1777,en
2344721586,Hoteppery_,1085,en
208488226,mudazir,24059,en
60383916,TheAirYouNeed,713,en
186039764,ASK_DST,29580,en
2807876023,mariahchanel__,1482,en
408068752,theBLASTERRR,3058,en
244218738,SinEmbargoMX,1133345,es
862150037442142208,tofulunalua,59,en
94415188,Marvil_74,4130,es
38911395,tincanman2010,1954,en
14689728,marthadebayle,2305294,es
271195087,Masielpopoteur,329,es
764105303126265857,FortOAdviser,241,en
330801285,AndyinMTL,1009,en
2374193592,baumlinz,1307,en
2822029108,awalouibra,196,en
155095311,RamonT_12,676,en
774667629055410176,denying,74751,en
2556086048,ReggieHemphill,8471,en
859805626398121984,DrMann4Congress,984,en
303391538,JasmineLWatkins,7291,en
2786578035,sydfish_,491,en
588680320,davidcosce,1211,en
2726513591,ejotysoto,3214,en
111668853,jsscampos,1271,es
50189730,SADDnation,8006,en
41634520,seanhannity,2925830,en
1697205673,6Iack,133066,en
2569442030,taewest,1071,en
855849079741575168,kolbyjo0427,219,en
138189751,HoustonOEM,33612,en
2968626011,whsredhawks,425,en
64467795,larrycollmus,14552,en
17695016,NYFarmer,23619,en
328684327,MEHouston101,990,en
719476416,mariaacoss,616,en
731275578255368193,SkinsRealm,4028,en
3040410337,DejaaBloo,340,en
64914435,CG_031,824,en
462447569,__makinsey__,1227,en
152827128,MarkDenneyPhoto,165,en
17545795,Beccaweez,198,en
719132933,OfficialBmax,158358,en
3324710323,jmf4101,6337,en
431887966,CHEVY_2theLEVY,436,en
463966148,Tippi_Hedren,9869,en
37338332,SpiritHalloween,72926,en
7563792,ussoccer,2112915,en
263944033,Hyperphil25,1947,en
214603315,justinetiger,1510,en
418442043,uglynerdloser,2465,en
342359738,jessicapettwayy,1634,en
248294290,Michael_Stahler,454,en
2796428166,juuleeuhhh,374,en
804382892218519552,drugs,38282,en
134905379,drv4posgrowth,306,en
222618700,drewsofargone,2331,en
559036153,Markus_C4,450,en
384611317,allhaillex__,3110,en
4075891695,StormyJazz97,63,en
85202128,xtina_town,1237,en
284690537,KingKeev_,1748,en
1186606560,NoHoesAllen,2206,en
69991372,CallMeThePilot,1613,en
389067673,CBCFletch,3392,en
16973333,Independent,2382642,en
101736223,Cloquis,20136,en
2421303346,blocklotto_kurt,735,en
885640138029584385,NewMutantsFilm,3319,en
14861072,Griffin,6774,en
116288377,jayyborders,10520,en
131975171,ShoddyBounce,1055,en
65698096,splcenter,267286,en
34563205,ericdtx,10486,en
1539955986,yauniexo,33087,en
1915534530,OhMyCorgi,1311383,en
2170203321,lilnuissance,163,en
56144206,extreme125th_,4784,en
4129623345,chase_guiffre,325,en
236885968,RobertsLiardon,9093,en
136300373,AaronBlake,65881,en
111920675,Glitternglam05,220,en
3243376836,KendalWithOneL_,274,en
22517478,JamesF84,299,en
223555807,donTeAntonio13,1530,en
16313592,CBSDenver,182956,en
308731687,Thehippiegraham,1054,en
625298957,Tinder,108254,en
2385778243,Willy_Cole41,763,en
1917731,thehill,2769195,en
357286709,_ihateyall,12807,en
57777081,dejahnique_,1710,en
618321591,juliarae2,882,en
725255153821962241,Dogen,9649,en
1214136181,ssaammiieeg,321,en
6446742,ufc,6296136,en
30913356,GretchenInTtown,1810,en
237509636,_SENORITA_C,1041,en
3280648200,_janaee___,868,en
827003541017460738,PatAndriola,506,en
2685757177,Savon___,810,en
1569510908,YupHeStupid,247744,en
2761405399,LCFDinkins,170,en
2533617990,Hilarityjane66,1519,en
787723035499433984,SavionThomas_,377,en
941157145,stewart_ted,100,en
247494367,AdamG1984,186,en
571169653,itscoyo_,578,en
78451687,seitrack,77637,en
879139444179316736,Terroo_,204,en
450004613,andrew_wegley21,394,en
715339028225089536,jrtpld,300,en
41436303,KimberlyKemjika,773,en
2824440637,ilytaylornation,787,en
2707932984,blessedjustice_,295,en
132096754,TrendsPhilly,3953,en
37228372,GregoryMcKeown,23540,en
556366535,UglyGod,611870,en
2759052791,AintEeenTrippin,7525,en
13785542,Jenny_Trout,17203,en
2161117190,lauraa0513,629,en
1369703420,jayxstacks,1000,en
2390065368,RickPetrova,217,en
1041000409,Medjyy,15827,en
3297053627,allaboutkailah,954,en
2765214004,woliJC,446,en
32744936,sarahalisa18,417,en
323901965,Love__Ally,3658,en
53664986,cnzpll,11322,en
2268480788,omotoda818,2226,en
2740308707,NOTORIOUSAALI,67736,en
92544072,eswtweet,231,en
532862030,_daisssssyyy,1355,en
49748301,DESH24k,2016,en
214112621,attn,114199,en
331991844,Mika_Shepherd,1573,en
362655016,whclife,7301,en
2464059458,_Keylishaa,1907,en
2890185593,WendellRussell3,407,en
244775472,Marsh2525,1030,en
249000334,CFTFB_Coach,427,en
225265639,ddale8,224424,en
368094526,kaayGUWOP,3230,en
2928084396,kemvnte,12260,en
2582721524,gilmaris__,357,en
1433662586,AleSquala,137,es
261714197,marcjamesmill,820,en
363972381,LaurenJauregui,3415768,en
237027028,MedStillCold,8089,en
626696143,Tweet_Prodigy,430,en
14946967,champssports,502831,en
723400267,carmenpatrice_,931,en
7847192,EdConwaySky,79149,en
304932002,davidmackau,33540,en
841640034,BoSoxFn64,377,en
3278629583,TacoFlacko,7156,en
2200506820,Freedomchick813,4707,en
994345801,babyliv823,1190,en
472587261,ClintSmithIII,124153,en
38751107,amapresident,15094,en
16879936,NomikiKonst,66325,en
738730673117224960,KashARTwork,5171,en
18089606,KurtSchlichter,123871,en
321722795,tajahhhh,1077,en
3085799771,KyySaucin,23461,en
916767064794193920,ThatRealCandy,659,en
2942993494,spookymoonkitty,7947,en
737904216950382592,_LiraGalore,47586,en
25690886,thebookseller,161069,en
608441230,TheeRealEric,137,en
2830920939,Rubie_Rue,558,en
2694225408,baileyvannoy,791,en
2459609448,Canada,474672,en
709472686733443072,KMacMustDie,2147,en
277664286,harden315,618,en
3162983832,alyssaadiaaz,818,en
4357673293,okdayion,1288,en
836809220,juanaguillonn,1200,en
18548120,AT1SH,1074,en
114830310,_baeryam,11433,en
14269771,WWLTV,184599,en
17454419,GhostAdventures,701780,en
604546751,madiiwatsonn,1596,en
525903789,B_LoSkyWalker,682,en
1405380540,Aeishavera,255,en
2512396795,BucknerJalen11,970,en
2730486731,trap4don,227,en
60727802,That_ChickGoofy,215,en
890891,BleacherReport,5307555,en
905776405,jeff00311,38,en
1216374895,YrAquino,1936,es
1539069235,hottaz_gyal,2274,en
312840253,nyphospital,31903,en
555666506,Cashman_Hix,334,en
2528540255,marykaycutie1,107,en
781816399,RevProUK,24371,en
2546279218,Keja_jay,601,en
70151087,iAmRickyVasquez,18102,en
2617767523,DJLongWay1,1106,en
466474149,tomwalkerisgood,4436,en
259469231,SportsReynolds,1398,en
239521774,ZacTaylor91,245,en
785095351,1Blackjew,410,en
259509236,_nmaj,426,en
271196059,sydneyyyvonne,7256,en
21498199,GoPhotographer,9992,en
2374891259,emmi37659,212,en
216900952,mr_isaacs,15020,en
3139696327,munizdiego24,1044,en
628776007,OfficialJoelF,20575,en
210610556,JSamms7,154,en
32737149,Lvamgm,194,en
491385820,GPhillips175,130,en
234108940,jkdyslexic,529,en
162729371,Chikee_O,1520,en
1226219738,YurbinVelasquez,66,en
594175899,Mikel_Jollett,121312,en
300509752,NickWest16,542,en
2805917152,ampaveli,4479,en
1624383636,cozyashkey,809,en
312902329,elenagss,3878,es
897544168435843072,OmegaBlaxk,1251,en
916130995128041472,monet_scorp,50,en
1252764865,NicolasMaduro,3254833,es
82530727,DennisMShannon,462,en
1563893018,_mkeeezy,2087,en
2496335227,RanttNews,36180,en
82788234,alvaro_delgado,67709,es
716727794,SayCrayton,6816,en
84708371,Cinnabon,156295,en
2977461257,Goneblow_,1461,en
28764873,corevoice,127,en
2512731095,DianaLynnParker,357,en
24581337,LOVEINE,1603,en
915392124622966784,rachel_uhhuh,11,en
452137309,thisisbarn,444,en
1308559770,jisselldude,314,en
774840438624653312,TIDDIEROKI,487,en
2376658019,_CosmicMeadows,388,en
416062933,camryn_berra,1171,en
177289494,SolJimnz,53,en
231740353,thefirstmally,574,en
896479171320266753,Erikaplatas3,27,es
466194798,JiveAhhRoshi,411,en
4691215039,_haiimmaddy,307,en
247593619,talortx,3126,en
531600943,Lpicciotti12,1363,en
1964098316,amaialyn_,1358,en
443882209,RealKohlWorld,2760,en
200761876,underscored_69,1602,en
103324445,hannaelmi_,2267,en
2367928478,Senor_Tamale,589,en
204887235,FemaleTexts,4605109,en
391637768,AlexaNicolePace,334,en
243303169,Giamdaddy,702,en
164392183,OkayKesh,2568,en
3234259573,fannyftbau,4057,es
66618379,ItsJoshPeck,2307031,en
908328641700024320,PSLPolice,243,en
1703263891,CMinrath,98,en
2432958787,Saintluis23,409,en
80752590,CAPACOA,3741,en
44568071,FLgridironpreps,18951,en
1883612131,kierra__xo,3271,en
779289721,_britttany_,1163,en
1012170512,liberalis_leti,1023,en
17554402,benroethig,1601,en
610327304,torilynnelliott,601,en
2566548315,typical_tiff96,1490,en
2978577399,PhillyTrevor,46,en
2252740818,tdubs23,738,en
76185185,Videlsports,1041,en
48912097,A_Felz,957,en
405826482,austin_francy,789,en
245620101,fatgirlhaley,1948,en
4744416702,SAGARHPASonora,574,es
185937513,PattyDuranB,1006,es
374596144,AndrewPassaro,670,en
45252312,BLUEnMoonlight,532,en
545004722,InsightEMEA,2212,en
332280370,WhinterQueen,494,en
797292251932192769,Dymeboy2k,440,en
188080203,RachelleEPrince,577,en
19343545,pamela_gentry,238,en
2268031873,ashante_98,521,en
19426551,NFL,24149043,en
784243169705676800,nmspchiefk,185,en
2722556944,noplugjimmy_,1568,en
429936310,hou_kev1,355,en
180107694,kaitlancollins,30337,en
119469533,_Mitchmitch,241,es
2547565911,bremvrr,365,en
309177563,Geek_Squad33,446,en
48843993,krismaspeak,202,en
43550862,LilDocCollins,946,en
494354809,lo_baby2,515,en
1554838501,JimmyLevendia,2224,en
18220175,diddy,13020809,en
242477627,haldet13,1421,en
211207200,kpwalling,1970,en
780508031712792576,kkklulbitch,4108,en
354117783,ayee_yo_carol,2133,en
194713944,TedKottler,952,en
457984599,BreitbartNews,841776,en
34458467,BopBraxton,1790,en
262020237,WoodOfBeen,1622,en
320297405,comedyandtruth,2233863,en
4517565515,KrangTNelson,107630,en
1367531,FoxNews,16150243,en
2575809935,stickojay,119133,en
2717557345,radastrology,288324,en
167589549,estradaworks,3382,en
76227785,DCClothesline,15105,en
4012967297,_marchant_,2387,en
3195878672,Jon_DeBruyn,3556,en
256989198,TheReal_BigBlue,378,en
449614269,thcmoonman,55261,en
1413775838,DeMarkesG,838,en
529945770,lukevtme,910,es
1734194539,amaniaIex,3798,en
369000264,EVidal1507,23682,es
258411700,SubZeroDrew,1591,en
170005819,CabreraLeiza,2999,en
1366330580,lexikelly15,1822,en
2462082276,MO_CoalitionCBH,346,en
833920064,Clarin_deportes,55364,es
553254903,Mar_Nohsov,602,en
704041886089084928,nia4_trump,57239,en
1496530303,Tuniekc,4042,en
41254668,CallMe_Squanto,1192,en
222111535,AwwZzy,737,en
802322082,GrishinMax,1339,ru
15321866,johnrutledge,22547,en
283241120,Fitzsimmons22,872,en
27987978,FuxkYoKickz,647,en
707362989142310914,antonette22J6,105,en
53558196,MaryCarol_15,1645,en
2165101360,aknocky,45,en
868856461,texyellowdogdem,55536,en
25100231,Mark_Grimes,7302,en
502258570,alyssa_chacon,906,en
418105123,dsherr13,3426,en
1468401554,Riverrat_143,988,en
27149428,realreserved,1769,en
18911295,RahRahRaina,17748,en
2594219118,Snorlaxsaud,143,en
192287918,Jdxthompson,188707,en
777682319863910400,tannerspearman,258,en
1906344235,LILAFRIMANE,63642,en
1894603026,Shannon_Rennaee,1148,en
231879007,TaurusIsMagic,467721,en
819674946985197570,iamjoecalabrese,379,en
867153716,ajpark73,285,en
608552223,haydenthatkid,910,en
28023330,Crunchyroll,594073,en
882403139093094401,almospautrywait,10,en
381787819,smooveoperata_,8044,en
47868362,esjacobs,825,en
291119643,jordanneparker,319,en
717520428764438528,VStateEquipment,1164,en
28295459,dannyhirtler,14787,en
34491343,findmyway37,1664,en
1634185171,_ArielWimberlyy,567,en
35193051,Rabananda,4968,en
748391120347013121,yvngkaroo,1375,en
159822053,kelseyhightower,37337,en
482931300,Alex_Comi4,1024,en
732229994072670208,yungthugkyle,138,en
354630973,devon_irene10,596,en
779416021186797568,Malaakiyah2,628,en
14324209,joeimel,45227,en
2232494158,fckarlov,613,en
64929124,KingBach,2573518,en
1694797314,voss_maggie,1102,en
764263155862081536,solveforxpdx,82,en
61796503,CoachTinyGreen,2876,en
393006082,JennsLenz,298,en
400888361,_TheKingHD,1221,en
37323294,uniqueloves,16059,en
375216336,_DHearn_,890,en
210083095,AintShitBen,9544,en
3589074679,bleuvaIentine,16130,en
81934525,mr_cheffy88,159,en
805464752,DamnBogus,548,en
14629315,XXL,1586098,en
1099639837,justicegwillia1,512,en
901268864,_lysssflo,1579,en
1848325208,VECINOSNONOALCO,380,es
1440128834,Birrr_,931,en
146181361,carlosrsrpr,606,en
1472506963,IBeAdarius,6028,en
872449712506322945,donaldwayneshi1,1866,en
856081229690490880,PeggySueZen,953,en
1012581578,jay_crayy21,1096,en
602188858,CoachMotto,340016,en
15212187,bennyjohnson,46452,en
746053296025014272,angel_spurrier,399,en
2522423297,breadstix666,857,en
1438647332,joshwadeFM,4374,en
19472645,heyamandabrown,1190,en
239620870,Sensei_Booda,536,en
55092983,peskyspoll,200,en
818941136,SOMEXlCAN,236543,en
497579904,LangHawk,444,en
2502623228,dwyercd,209,en
246892913,mitch_mosser,357,en
304703503,A1sauceAli,82,en
3023055168,MiahLopez4,337,en
1418133793,starheal,35950,en
46307410,RGVReaderLeader,1073,en
2501838444,Pattytrill,656,en
633529119,oddfuckingshay,1596,en
27189557,LetsGoWarriors,138980,en
101009314,tarheelanalyst,917,en
36818467,byebellena,2089,en
866953267,iamcardib,1256939,en
398454978,MelisaStark,57,en
1630896181,vicenews,845808,en
537749031,DestineeDamara,3036,en
41229855,TeddyGreenstein,23291,en
2224137728,ThackerTy,413,en
784837452,ToreyNychelle,2593,en
3190037076,JeremeCalhoun,574,en
870731426,oregonfootball,211925,en
906095694,cokanurt,3867,en
62760327,Zak_Bagans,860073,en
75466524,nahumlv,255,en
14247236,funder,226135,en
310036648,ConleyLauren,758,en
79462892,ImJelene,905,en
707209121855086593,Prime_Politics,263867,en
3251731588,ErinCBS12,1084,en
259899376,LeonBenLarregui,1150338,es
596687292,NWSBayArea,35380,en
37666270,American_FB,29031,en
3236556468,ConciertosMxico,7923,es
985942994,faddelg7,10228,en
58660082,AsiaHarrell,1077,en
68989391,DntPokeDaBear,1190,en
56363220,BallStateSports,29218,en
24955197,esteban_is,15375,en
91282251,littlejinmin,2466,en
849955184117772289,rtfaveesongs,3031,pl
3464589377,actualAidenn,38017,en
1292023448,mattwhite1223,881,en
38508194,broshemalawian,1639,en
915397760723050496,BarstoolBobcats,250,en
154354470,iAmPink_,778,en
1072899732,emily_hippler,617,en
2822558919,kimberly010960,3038,en
2467791,washingtonpost,11327729,en
431653292,Mariie_4,13448,es
519977115,Steel1k_,3319,en
893588360547225600,duvall_jd,238,en
15115280,PalmerReport,86734,en
43407822,lisa630,88,en
32287560,supergirlstorm,4655,en
253014097,Grettahw,29756,en
1724097854,dreaa_143,479,en
329528053,_bbyvicki,2239,en
17893690,sluggahjells,8765,en
33823226,kcamp,148629,en
304725377,KQEDcheckplease,3139,en
636427105,gracie_trending,876,en
542211823,InstructorZahm,126,en
342347053,sansdn,7375,en
22518192,USAFieldHockey,40727,en
2598544622,reed_elise11,713,en
3009370331,boopi3400,2149,en
85849424,BreeziNUrMouth,2126,en
383024506,blackraevn1541,69,en
584093916,ottawalifers,14439,en
461953713,TanaishaNicole,764,en
53245887,RobOstrom,492,en
1684625450,BootlegGirl,2388,en
886342651041198080,thuumby,1386,en
2776862168,hometownhockey_,31536,en
297134253,coco_patrice14,181,en
17053281,JenSincero,21278,en
532690100,JWGOP,45099,en
19596592,nationalcouncil,22400,en
632301055,MARAMSAAD3322,22436,ar
552013941,colehenry19,476,en
23378774,ZachLowe_NBA,582718,en
717665576,serenitybrookk,353,en
3237550668,TrillAsxTee,3661,en
67972484,newsdemocrat,502,en
144378222,CurlyHeadJackyy,22165,en
382464040,AndyBazileJr,968,en
281344938,BeardedDre,20931,en
3311938854,LHS_MsThomas,249,en
111054675,Gatortrapper,3036,en
2740681795,genesisajah,393,en
70009161,CuteOverloads,3534800,en
126511893,gigggiiiiii,381,en
115264552,HarlemGetsMoney,2709,en
102849780,Cordobes_01,1910,es
12762142,inlandemperor,2176,en
3319105417,Tyegoodwin1,672,en
743261143477665792,MyGemNow,1624,en
2271022711,sonjiapeltonsam,524,en
55919541,HayleeGirl20,2998,en
308226917,1BASTARDBLK,791,en
15644999,mollycrabapple,89215,en
224456162,Keah_Maria,8114,en
2274864913,Lederrick_,4551,en
47640621,Phransisco,731,en
2887681393,lilyackey7,642,en
319951733,TreeHouseBrewCo,58664,en
3183273019,_Isaiah_Flo_,191,en
18477912,middleatlantic,9646,en
24699277,alyshabrilla,11082,en
155066368,MrNikeBoss,1769,en
18655998,AstraOnTheAir,20612,en
2950730586,bcjakebyron,28,en
27816366,ryanacash,2950,en
56853176,goukit226,2749,es
3146413624,shopivoryella,539651,en
136662898,KiaSimoneGarner,1749,en
158095114,SilCampuzano,335,es
14940354,nycjim,205146,en
109532430,tobuzoo7,17661,ja
379928655,SleezoDaDon,4789,en
2573791974,Corayma_J,783,en
3181315759,darrynloyola,361,en
1658481896,THAT_MAXON_KID1,1512,en
455487288,Lennyfrigginleo,991,en
429555705,Blk_UrbanKitty,85,en
236976126,CjG0912,336,en
3142039415,RojitoSocial,8161,es
866713950016208898,fukkreen,520,en
1151789670,HeyJayJRogers,1223,en
509394286,SonyaChildress,868,en
335473055,Loodog26,307,en
1331017538,LarissaUreno,688,en
119567900,lilreese84,145,en
3038069014,yourlru,42295,en
455385439,Bfos94,209,en
2267976464,Ifhy_Jazzybell,375,en
2573480784,MalcolmNance,279999,en
3858026777,TNFavMILF,3206,en
163574022,BravesAthletics,2779,en
21323607,DarinArmstrong,45717,en
238385359,SamHdzC,117,es
831358760908111872,aBrianLangford,58,en
559332636,wldbill9,332,en
176864463,OceanGrownTREEZ,35077,en
2183703030,SalcidoCharlie,696,en
53793078,Harlieee,511,en
1938416316,madidav7,620,en
325109352,The_Ach_Man,532,en
3631050620,fundPHLschools,1957,en
158477950,baaaaby_v,589,en
570527472,KelvinHerrera40,110398,en
24131422,ttiger2004,387,en
738208631456301056,erinisaway,2203,en
1460621689,mefeater,36199,en
189687426,claudiapavlovic,124938,es
2596505748,arnuccio4,878,en
170861207,KatTimpf,195433,en
231447038,x_LoveRenee,2096,en
300050982,TheyHateTayee,1325,en
247753609,TydoTJ,645,en
20962674,TimeOutNewYork,888432,en
117662694,NatGeoPhotos,4008101,en
30541715,TheRealJorgeM,7934,en
118862867,jemodark,277,es
920125542,GirlsRockOttawa,642,en
946828410,JonnyFromDa704,690,en
259882225,jwgiglio,11515,en
4097864233,TheMrsPedersen,17310,en
263326342,WendyARlee,451,en
3096973088,brad_brown98,336,en
824710232815251456,RealRJSanchez,384,en
2504780305,arayyay,2908,en
235833507,russdiemon,1159704,en
53553998,_AmmBURR,2127,en
744589244,Kimmsterr_yeah,760,en
3394835403,x__pandaaaa,3484,en
779101622307737601,kay_serasera96,37,en
64759256,misterhsk,41290,en
3278951420,RtwlrCo,540,en
402052901,SpiffyMiyagi,1140,en
34124867,rwmccrory,4734,en
60726048,KWU_Leon,1021,en
2571469516,Jmancao2,162,en
766083318534275072,_lexlifts,2937,en
4879752741,theyeezymafia,250178,en
77764733,marty_walsh,249191,en
876043126653190148,iruutciv,6561,en-gb
348844874,ianmcc11,182,en
817566648077000704,CaptJaneway2017,28238,en
25417978,AshCrossan,7463,en
423523212,NBCSCubs,44928,en
60643366,_96Grams_,1149,en
324745473,johnheuer77,90,en
21874225,banke718,3187,en
1941992582,__kaitlyna,1363,en
449405212,Riaa23,690,en
2238866324,Othatschina,1160,en
388071276,ohmykingbau,2931,es
915712956058370048,_svlceydoe,30,en
831919678763180032,broebong,21076,en
1679894720,chrxsfromla,183,en
119758732,KFCBarstool,245651,en
1014264162,mr_kjones32,1629,en
619516531,Dcorrigan50,4112,en
3036824611,Ben_Woods2,566,en
376541449,Huey_Newton44,977,en
2295078366,aemullins,1173,en
2504637588,bighoop1k,866,en
334778169,ARenner95,269,en
1096845500,vgdunkey,373413,en
564227319,KeithGalvin,490,en
738167991079079937,GIGIMFLOVE,404,en
822462665910063105,eissolomon11,48410,en
251496825,RyanGosling,2308160,en
824320219866923018,RogueNASA,900344,en
942608605,EmMiller131,166,en
1674893390,dopeecaniff,794,en
263310477,rittmanboy_10,983,en
4599374210,nikiforcvs,4210,en
129954208,PullUpPanda,2896,en
519072324,CarmenYulinCruz,228683,en
30323434,FiddleElphier,271,en
396742013,MontyKinseth,225,en
911941308570378241,softbotbts,4136,en
245851175,ryanisaacs0919,203,en
448029386,SarcasticBagara,1273,en
30385478,ShotsofTequila_,663,en
2181127246,GilrayNicki,60,en
579454905,MeldrumKim,1265,en
353060311,Whataburger,1145779,en
3834861208,Jimmybeardtron1,2111,en
624050986,Letuitero,151995,es
143139430,TeenaSalaam,2362,en
1040842962,jey_murs,786,en
2382829512,MI2CA2,2244,en
580328711,RiqqIngol,810,en
327646942,MarioABueso,1231,es
72667522,daborbolla,955,en
4123256171,BonnieWatson01,846,en
609440157,ayyad74,602,en
1375417644,zachjuarez_16,633,en
302706918,ceoxniah,2656,en
334998802,Townes_2theRACK,1254,en
2727875051,MikalaSophia,137,en
918317307730022400,misfitmadonna,45,en
3286998798,NBAInside_Stuff,32040,en
742827501433430016,hanaiixo,937,en
2473219659,DannyGunnXXX,13583,en
2248215751,prinsusbre,6390,en
408200521,DarrenJohnson31,613,en
83195895,baursafi,1639,en
2400350617,iamkrichy,4958,en
434545375,CauseWereGuys,2079212,en
22829540,RocketMan_131,400,en
814863165850812416,ViewsFromDChap,696,en
2965334788,gouenjis,140,en
313475569,allohhhh,2384,en
628747859,HaleyLandon,703,en
563970248,TheRealIceTre,198362,en
311030461,teamo_liyah,1186,en
12828572,SigmaXiSociety,2793,en
810070519,Sammy_K32,2227,en
51241574,AP,11731097,en
441355744,RegTheVeg_,2965,en
363379398,Anddddreaaaa,678,en
354706498,_marielovesMO,3673,en
635894633,Michelle_Wilbur,631,en
234955485,allthebrews,1457,en
893958080,mcmurrab,644,en
4149970038,MsTinaBraswell,206,en
807095,nytimes,39764587,en
144762225,wavjetski,1883,en
112599598,Thisisnotmeghan,455,en
1641050708,trentonparrott,542,en
2464485409,UltraSuristic_,23727,en
119593082,FOXSoccer,1083248,en
1516742000,Deiondre5,18843,en
3183697279,AT_idgt,729,en
3218327377,NicoleWing5,679,en
130600763,jlights_,1404,en
1240226161,BenSpieldenner,1258,en
20543416,BBCNewsnight,512719,en
323541088,Simbaki_,11226,en
1557203545,___Maaaeee,1217,en
725035610,NoahBFor3,882,en
2923910956,mwbrown51358,1199,en
2425928737,jdnhellas,193,en
3079986094,acoyne,65459,en
1098981192,limon_con_sal17,897,en
2284184562,emmarkerr,386,en
1167449568,lex_looper,24424,en
4211612619,ChrisMRoark,190,en
4437004880,nataliaseavey,1157,en
19797489,TheOregonDuck,85988,en
2655353150,zhartaezia,779,en
2908416566,dwaaaavyy,705,en
1491734900,bribrenner,350,en
108740292,ExpansionMx,3918246,es
285912976,itssjust_jade,2172,en
3056931256,Prospects_Watch,2495,en
409618818,_BahamaYAMA,1228,en
520570656,potenspuella,484,en
714938090314457088,desiDakid,340,en
588805607,AmariPrettyAss,10117,en
45962278,UHpres,65286,en
2455981348,UnkleDell,2097,en
3297022953,kwilli1046,63039,en
69507116,Joltdudeuc,376,en
22694478,SFSU,13303,en
2365033110,lorenzsimon15,472,en
1663672554,MoneyClipRick,903,en
757074558373343232,DankMemePlug,94132,en-gb
299674713,JulieFoudy,204283,en
244800486,AndreDrummond,1262608,en
254145412,BearReport,5296,en
625980841,makiabanta,1047,en
2269130208,EmergencyPugs,2043982,en
2815178768,davidsharon,6,en
152033213,internest_the,658,en
332135836,queen_ofpolo,905,en
958197228,lex0sphere,929,en
44765085,Robichaux,410,en
3156876100,mr_mattmann,126,en
257774348,savannahtvardy,602,en
104315900,THCxLion,5282,en
40584169,_Alezandria,2776,en
309324495,SportsUnicorn,4625,en
1027351519,HolyHulfeld,583,en
28107258,NoChillJerry,8297,en
15566158,LydiLouiKats,775,en
237946972,Bamby_Alex,797,es
199838825,KarinaBriagas,1229,es
385651701,kararuthfarris,666,en
2175081283,michaelhamaker1,233,en
15974153,ethersvoice,38251,en
777959732,techno_papi,388,en
1703222905,GennyOdette,2635,es
2432973510,ashxrachelle,1707,en
21958492,chevon2011,282,en
2370909344,UgIyPPL,170466,en
1337785291,rogerfederer,9691258,en
342605301,KesusWalks,1732,en
736208380319043584,Paige_Huggs055,1233,en
2505184716,nayohme2,266,en
4442996740,BootyBadMan,41243,en
1290361332,JzonLamar,762,en
26257166,SportsCenter,34795205,en
2314400559,POPPINJay2,1495,en
579379762,The_Dylan_Lane,1223,en
174116373,almakashi,3648,en
1338386636,T_rry2,1581,en
1223285070,Tanner3G24,594,en
344429892,MsMiah2,1722,en
25525507,broadwaycom,241561,en
469022424,lauryncannady,374,en
629113271,hiimheatherhill,607,en
101566602,Linht34,86,en
401790429,kony2k18,661,en
3066598042,thedanyelljones,4281,en
454996755,OnMahThrone,587,en
1887057678,AZPaulPete,85,en
40161212,CayCheyCol,503,en
4460177114,RichBoyRizzo,375,en
776196808909336577,madebygoogle,95547,en
472577676,SupremeGreene,1194,en
1063418198,maddiezane25,642,en
977040662,UniqueZilla,829,en
2155256273,moe_iss,261,en
485979366,WR_PBS,832,en
852268884031832064,CharlesCamp19,14,en
275790333,Chaantellie,34936,en
365789444,tekekomi,1313,en
468646961,TomiLahren,856392,en
203075977,thekidsamie,1829,en
587517391,FinalFour,90468,en
789332022426820608,jacksonwigg25,319,en
1138760580,ty_theginger,577,en
3010858500,G111234M,521,en
466838087,emmilycoxx,474,en
1922054466,NextRollBounce,10838,en
133938408,Impeach_D_Trump,282501,en
449208880,platinum_1026,1949,en
1181154606,monIafertemx,19940,es
20454965,gmyrick,2412,en
1586885647,Gawdessgood,4930,en
21839459,GigiHernandezz,566,en
2359537176,jayoung1892,1947,en
14849562,WesleyLowery,580770,en
851108442,AFPespanol,135485,es
4914578480,alliedion,492,en
104352242,beauarmani,1281,en
2517870086,SarasotaSheriff,7976,en
2802806245,t_merccc,871,en
257588055,SandyPembroke,1408,en
717359136267235328,OhioOWT,570,en
131735331,ChuckDaQue,7162,en
62793967,DOriginalDonald,1501,en
3020168893,MightyKQ,88,en
2948011564,annajewelh16,519,en
1521523532,_xvannex,3039,en
933848462,P1n_HeadLarry,242,en
815648994110140416,1040bay,1346,en
18576060,KingDemic,142307,en
158096034,McD_Chicago,5361,en
14248129,DavidRachford,1407,en
125403648,mattfharris,4676,en
1904139295,KaplanABC11,1537,en
7724762,ijukes,13785,en
148868920,maustermuhle,13443,en
842174857,D_Trax5,253,en
164541961,DYThaDon,915,en
37764422,foxnation,402516,en
2376705571,rSJEarthquakes,786,en
4756940414,THDRoberto,86,en
18029328,SecretsBedard,14215,en
519184730,Torrey_Harp,1812,en
799051784018919424,esmme_official,232,en
327237124,_benjvmins_,132431,en
2984089157,alexis_stevens6,316,en
384570933,SVAVLLC,298,en
18266688,TomFitton,69169,en
2915253371,atanasi_,130956,en
39173899,BlackK_GMS,920,en
1942298018,_Melaaaaaaa,1564,en
889810664,samtabla,448,en
1545908792,mary_bmary75,260,en
846063700851249153,_irfvne,1015,es
26377999,mctoonish,1309,en
764995256,Kellyy_1969,280,en
57316742,yzfreedman,731,en
247653244,muftimenk,2000105,en
2450384429,gmoeller30,130,en
16707857,burchie57,158,en
233763332,nightnightwhite,2,en
3094433899,tmarkq,6115,en
1634218448,chianniasai,759,en
15464697,JuddLegum,221505,en
410389968,OpulentEye,172,en
300977788,RichardArians,128,en
52775929,BoccaStiffy,163,en
598751171,jayyraee13,113,en
750778549062078464,TechCollegesUT,241,en
196168350,AnnCoulter,1722614,en
312390392,lovely_Dryaa,1788,en
2222700106,jrose2times,537,en
269317046,MOxNASTY,1084,en
322116880,DGrimm1216,464,en
764598965924982785,taylorhecker,269,en
618550142,JABItalia,284,en
48484668,IAmPhillyC,3480,en
950716284,brandyceleste_,1363,en
348590880,CFBONFOX,119562,en
355660358,StreetLampTony,533,en
54299136,ShawnDSummey,81,en
109616781,diegoebarros,4324,en
486160719,J_Floress34,690,en
755057897583804416,ProudResister,77436,en
3209720109,AshtonParsley,3562,en
259942122,MontanaGrizFB,27870,en
16265742,JamilahLemieux,169140,en
565857361,DAdeshiyan,53,en
714251366399623172,sp1ritharambe,7841,en
14454437,samrhall,6266,en
56867786,Brodyxking,2156,en
8044452,jrisco,774396,es
1210376070,Balla01Noah,713,en
2736711539,lena_rey7,809,en
775625838385569796,ChrisMo37540912,3534,en
1864748316,ShonnaSantana,4254,en
58397932,itsKARY_,8653,en
431936980,Coolbeanss6,1525,en
46991838,sheslulu,92468,en
56861044,cwilcoxson14,157,en
825543782,teresa_rm26,1503,en
1672360759,negrajuanaa,1388,en
2917946935,EXWildWolf,431,en
7157132,gamespot,3667353,en
547291309,rarefiedbear,94,en
2420926259,LightestCoon,1030,en
24417626,BeerAndSoulBlog,1473,en
21405070,CanadasNAC,38209,en
160924299,CourtlandOlson,672,en
359758383,SPachoui,201,en
22819823,MLBONFOX,612648,en
498410003,dr_hjlo,154,es
3332033662,jackboy_cal,1150,en
157616104,irinabaeva1,47116,es
1671795726,K_Teeney,4299,en
2316383071,RVAwonk,229502,en
21670661,beoliu,4940,en
61366106,Flyer_thanu2,6489,en
1740267126,spcaples,338,en
2895180218,JiggyKeith,943,en
3219879176,_TheJoshuaMoore,23141,en
99351609,AirMecca23,2656,en
3336186046,OverTimeYT,98,en
348940260,TorieCorzo,1955,en
426307253,_BaliTree_,52243,en
3189965448,wicks_jeffrey,114,en
704693375207936000,YPIA_Africa,205,en
22976125,StLouisBlues,612107,en
1143765612,waxworkrecords,10591,en
53419464,Jarandaluna,41035,en
312786463,Kb02126,334,en
262735484,ashdarapper,562,en
480819245,BlackGirlNerds,130244,en
16207512,Christian_2Real,753,en
2929338954,kelpyyg,220,en
610571372,imariahss,577,en
2321686003,delanybomb,435,en
232918389,RElGNSSECTION,5798,en
15989658,righellis,1251,en
20508720,ThePlumLineGS,159369,en
246357481,therealsaulrod,306,en
15537164,Arapahoe_Basin,31083,en
469831977,HennyHardaway96,2044,en
18257270,TheKoalition,2465,en
271486322,footwork_king1,14372,en
2899351925,RosterCon,2088,fr
1557315432,HistoryInPix,1660640,en
528765138,_tvrica,3173,en
15837659,jbendery,44957,en
39342152,Metalleaf,565,en
393687467,RealJimPeterson,3225,en
201475410,kateeybaby,2773,en
4894667173,shamecult,407,en
598848101,SirLogan_21,1091,en
1258557169,Truthgetguapp,2240,en
612771269,WendiChicago,712,en
2623935663,ohhcami_,100675,en
314114998,CaseyCrosby2,3199,en
3433633119,itaintrose,1519,nl
3362909645,Mnveee,500,en
28625481,MsJennaJacobs,8513,en
2835644036,D_Ross3,273457,en
225506296,Gumpxer,1277,en
2770284386,Kylesister__,43205,en
365280355,Evan_Nelso,545,en
603025587,GovHowardDean,103479,en
2231716329,JAYCRITCH730,30334,en
38213768,mfaboston,331283,en
803035707275087872,Travis2Great,278,en
1687291381,Jwalk35_,2860,en
801537175,curvegawdess,20994,en
38936142,jdawsey1,46700,en
394369613,amelia_langford,1590,en
12378512,Disneyland,1246301,en
1705977966,Gringoxolos,955,en
339759921,JLLicea,5307,en
30180137,TommyHilfiger,1434847,en
27667866,SHUAthletics,9837,en
3284229420,LilDeliciousD_,1176,en
126555990,AloneInDaAstros,1307,en
1284908149,__MEZE,2623,en
748474585,JacobJenkins116,1358,en
3301289947,matthew_peirson,195,en
804407202563899393,pyork_10,105,en
4168357827,justIikevou,23461,en
97152102,duenasdamian,174,en
320961183,xxbigmirxx,788,en
581305545,mikaylaa_17_,3152,en
25733912,codyfry,5352,en
745605537073500165,Ladesade,73,en
3322657681,marisaannettee,483,en
120835612,ChumelTorres,1204497,en
707496223,niadaltorio,727,en
30409694,_tweetsfromDJAY,1734,en
493316465,HamptonU_Alumni,3133,en
595058466,ChrisCastroEP,141,en
2608859899,michellebalstad,324,en
177475572,djalexreyes,760,en
176158750,FollowMyLeadPpl,632,en
1626282878,nia_coats,1461,en
807967772,M_Gambrel11,974,en
2318226312,lolowood_,27531,en
385120573,Paola_Noemi7,1007,en
46431238,Romort628,1225,en
2414554315,WolfeDeAtlanta,1290,en
82678132,mike_petriello,31235,en
23209058,unicornyemi,3101,en
372126670,amilcarmontejo,607197,es
82532813,girlwithatail,21209,en
2229342416,DanielDaDolphin,1516,en
764582017346379776,TLoves2T,1664,en
80825033,NW_UPD,3809,en
3255298369,_savsx,1063,en
264870081,jtarin24,237,en
344230199,leden302,410,en
3380992617,ReluctantTravel,95,en
201105629,TheTacoSalazar,2195,en
905243659259580417,mckennacassels,85,en
177439309,Jconstantine96,312,en
11856032,NBCPolitics,416092,en
34330388,OdysseyGarza,891,en
2986077945,SoCuteBabies,256888,en
65879742,JayJayHag,378,en
159317358,JabrillPeppers,468689,en
1064218567,sansastak,241,pt
819080471262789632,musicforcars__,2115,en
168293100,kylejstringer,756,en
321715971,kjburkholder23,127,en
105494675,cvbesq,3524,en
163286414,oooliveerfoo,281,en
1831831,dkurtenbach,8730,en
4818432574,CandaceSchupay1,70,en
251485814,BaldHeadRastaa,944,en
1952703254,mueller_dj,703,en
516962634,_BlongFeel_,6360,es
1301651917,koldkase_,861,en
363997560,nledet11,449,en
3245636389,_garzaleah,612,en
2867158989,jjjjmorrison,666,en
3193693938,1608Legacy,344,en
232718673,coco_maroto,421,en
281749997,RiRisBFF,5738,en
56001097,iRogerDodger,1163,en
718232509734129664,ambezzyy,566,en
2525830250,maxemole,220,en
57440411,AggieSoccer,14438,en
153564070,mocigat,1828,es
3362741,sopitas,2716364,en
312230865,FactsOfSchool,5896138,en
18750157,kaskade,1514875,en
717365129151520769,_nstillo,162,en
31336759,Samirkaji,5002,en
191221920,SamMaggs,24190,en
238277202,wilfriedzaha,764914,en
2817903506,bbalwayspoppin,911,en
257172614,BadassMomWriter,14547,en
54061366,TRawDaRula,1023,en
786391305253326848,moorepapa17_big,28,en
550336226,Guarromantico_,409582,es
1081005558,Cariel10,850,en
733737952598208512,EimileeO,563,en
94943101,6LashawnJumps1,1655,en
389854714,Goldenprintsss_,2015,en
744595459,KailiRyan,1236,en
760439275,Crawfo6Meredith,426,en
425238609,ashleyp1013,460,en
744193828924465152,heyyobobby,584,en
903016654778621952,Realniqqabebe_,104,en
1325944009,TylerSchwarz2,190,en
34433717,Carlcjsmith,4901,en
971245202,ladyt0101,297,en
2932552617,jenschuette25,262,en
828738602175758336,andrewtoearth,81,en
2557521,espn,33599130,en
21711729,laaficion,384398,es
1345881386,WeAreGirICodes,331838,en
314619506,TheRealZoDak,4807,en
226616445,_YoAshyAss,2209,en
221859991,thatboy_bre,1927,en
2740648362,ericabrrrown,377,en
29523440,Lexual__,46393,en
378189379,KarlaMariex3,431,en
50774318,biankizzle17,300,en
3340242251,TheLumberJew,1151,en
779760082678525952,kertgotclout,2958,en
1887237078,IXSHJAM,1853,ar
116994659,SamHarrisOrg,939692,en
92921696,DW_Franklin,398,en
40288957,WBRZ,88497,en
855453265013739520,LizzieTish789,366,en
613628550,fermo_xcviii,1078,en
86746614,iHateKwame,2271,en
76444074,imsojayded,1496,en
3302050501,aLaLonde_00,386,en
545338202,TPbeef,878,en
255328781,ChilloutFortune,824,en
2735511486,JoeFreedomLove,38257,en
1856064967,Chillininthacut,464,en
886054402770862081,makayla_vic,69,en
17363976,tandtclark,2519,en
591920061,alec_hickman,589,en
66874140,_APD8,491,en
67494190,KIR_bigg50,11133,en
321051813,Timmaaay_,2607,en
217630894,LowKei_,7258,en
190532680,xotortilla,4331,en
2757067134,Coryc1013,223,en
904045448096296960,LUVUZZI,13058,en
199878972,far1762,1228,en
3331360631,loganhb9,484,en
911735346,WallwinS,1458,en
1611845604,conor_reilly1,320,en
2234719009,Fvckinrebel,2201,en
34700777,sfexaminer,53433,en
100893294,Team_FRM,32001,en
266863630,_JessieJaye,2468,en
2413432262,MrPearman,293,en
49080870,LindaS4810,710,en
78523300,RealJamesWoods,922349,en
16303450,SJEarthquakes,245016,en
74522684,MikeParsonforMO,7453,en
226774501,Barone213,637,en
68740712,sanchezcastejon,681177,es
24807616,hitRECordJoe,4310208,en
1071922344,ruperti_mateo,668,en
228623111,Chip_Daddy,3227,en
27339422,KVII803,920,en
3871966349,DiarioDiezHn,28499,es
1230844302,EricKeithGreen,71,en
2939662942,Kursed___,180,en
3474551054,GritzBrown,784,en
156295238,CanadNation,2044,en
3128754678,yoalcala4,98,en
2929201609,hunter200006,408,en
261004048,LikeMike014,62,en
1557264974,ACMacKenZ,187,en
370421404,LockDownDonnie,576,en
285943316,chrissjosephhh,147,en
42095578,redogleader,148,en
81402664,DimitriusCastro,555,en
707570550734872577,C_Royalty_M,422,en
120664256,paige_schnitkey,535,en
606507880,celebritydree,4705,en
15165910,JonGauthier,3502,en
233276216,medschooladvice,121028,en
18342955,ABC11_WTVD,240775,en
20077668,Terminator2366,578,en
4399228994,gespinozagto,324,es
2828517079,Ex_Tigers,4304,en
330686234,IYM_Official,764,en
1297165884,Bethany1004,425,en
1694175655,solornbalbum,36506,en
45730567,denniscamp,32,en
22736027,MICKJ24,5720,en
510987282,YOKSUBI,988,en
15467058,sbrownehr,38701,en
289356974,aggin015,979,en
48273856,MaRieLiiTa,1272,en
164419635,PieroMillares,815,en
120233081,_BrittaniBytch,806,en
3130201131,mikesgotscoops,194,en
3459392835,Camila0hNaNaNa,181,en
3113489761,academicgrind06,1333,en
1721030808,xKEVlN,613,en
401756833,meggmegg01,697,en
30770374,bigsexydraws,9277,en
393548072,iamtayvon,17883,en
1262239268,TheRoyalCRK,145,en
67399991,DylanJames_77,181,en
2225631696,train_h0b0,536,en
2940707102,trueblueusa1,3272,en
405955869,J_Mohrr6,1468,en
1064134394,atmarshall19,487,en
1626804686,kikiiivee,1645,en
349009448,KowloonKomedy,2045,en
177458340,kiiwhii,779,en
237089251,nick_lindquist,1430,en
826508956084219904,AthleticClubSD,612,en
2344320786,kaileyyjo,648,en
716260089556914180,QualityKristin,231,en
327681936,Spalding_22,677,en
17994701,BruceWatson43,83,en
71555651,Kingwole,19440,en
1971685717,WatchMeWorrrk,1204,en
244655353,davidaxelrod,921078,en
22703645,TuckerCarlson,1201635,en
47139982,MLConklin,4557,en
47764100,swoosh__crew,711,en
228860189,Shaquillee_,2982,en
1941140840,michelJsoto,100,es
2741168961,Ty_InTheSky,673,en
528885033,LilDickGrady,536,en
16672159,ProFootballTalk,1455064,en
2815579992,prattnatali,496,en
777314179845947393,_GimmieKissesS,519,en
2942038501,yxngcam,492,en
1368421087,amandawoodyard_,756,en
2773918108,TheMeemStreams,31781,en
2369834995,TALAL5909,44763,ar
155118292,iAM_RodWill,4834,en
328851495,RUM_HAMmer,897,en
3287642868,GuilleTheGooner,202,en
832366546559311873,emotionalshawte,23,en
2463499796,HowToGetAwayABC,818978,en
43066153,WMHanlon,437,en
2458838756,TheEra_72,1026,en
471652106,JFarmer06,248,en
1036563571,warlord_emily,408,en
17980523,mitchellvii,286890,en
90316283,sophiedurocher,37721,fr
22110609,RyanTMartinez,1020,en
21900936,1dervision,711,en
2482772162,itsOddFuture,36756,en
3310781323,ENAPRD,409,es
425321196,herb_202,648,en
82411670,johnniemikel,1934,en
2377708978,Tuttyz_World,2732,en
428514372,sam_fick,218,en
1260894572,vitamin_D17,653,en
2417586104,SebGorka,264613,en
487864929,PeelCrimePrev,2310,en
548962888,ClaudiaFish16,1182,en
2879938045,HeatherKlos,176,en
17531205,BostonTweet,266924,en
171275903,MadelynClyburn,234,en
4835182679,BaseballRealest,13947,en
2460799331,NBA_Skits,141889,en
2290252822,bloedttt,448,en
4064596333,bpadthai15ave,55,en
324137375,Del2Wavy,782,en
399641811,Kyle_Schnitzer,395,en
2391548514,DrJM25,575,en
57206589,ronNcaphill,662,en
462154097,YungLeeRBT,409,en
3948084732,CooAssMeechie,1038,en
622585356,zywiecgirl,30,en
2947530036,andrewdugger4,718,en
814920555430289408,loui_crack,561,en
6433472,CBCNews,2449598,en
175613076,Mack_Gretzky,886,en
15439395,stephenfry,12869451,en
247387552,ToddFuhrman,80628,en
22870112,TerezOwens,45804,en
2711930388,SearskaGreyRvn,476,en
68222472,highhh_bre,700,en
779474178512658432,BigBlueUnbiased,1203,en
3397276383,ColtYeka,691,en
2300275562,jazmincheyanne,475,en
73450842,Robbie_Deuces,544,en
2172498307,_Mofreak,325,en
3294683602,taIkingsweet,7278,en
1710142374,FCHSGriffins,906,en
2609170431,taylour3s_,1691,en
59511386,Tgoody_10,11540,en
457266444,Sara___Davis,308,en
3246185551,_HTashUP,3829,en
46677036,JordanRaanan,33197,en
41144996,Cubs,2224143,en
59442668,bbsimons03,713,en
834281252,CrossFit,958507,en
2939683492,FootieMob,3044,en
21722537,Juanesg,2094,es
3316578815,Famouss__Jae,3259,en
609937164,ArtNav22,494,en
353956746,_LaFilipina,2553,en
93964759,ToulasTake,5133,en
80871637,anita_oh,4389,en
634676291,DrTomMartinPhD,57855,en
610454132,carlosaotal,326,en
234989023,Keyta_C,670,en
3518527336,yourfavasiah,2263,en
317423441,Treheaux,1736,en
2602446690,theproperkeeno,1228,en
821506029632585729,MOLtGov,715,en
466084994,Jio_LinkUp,1228,en
458640192,MBFarina94,232,en
182149757,MsMelanieHart,2913,en
2633628749,ceilidhdalton8,919,en
370884589,acardenas119,846,en
37060055,CorinOConnell,2535,en
33191848,Snikk,20836,en
352685378,gcastroibarra,2509,es
1222552290,Facesby2,285,en
120283122,terry8df,874,en
28092225,thekorko,1345,en
3051585208,colormechris,4471,en
718149456269418496,REMEsquaddie1,1985,en
181572333,chancetherapper,5968389,en
511377163,Beautys_Element,6876,en
160372392,Azixz,1366,en
90324500,ItsJaeTho,2036,en
36466656,square_bizzz,2682,en
3100017086,opietasanimi,1406,en
851211,benwikler,59372,en
29798607,OregonVB,15056,en
3293998033,brendancallenyo,118,en
829479076406640641,HotWifeBelle,7978,en
2434621272,piesderoble,112,es
1242557976,Summer4Ever2015,3928,es
1022138280,amyjanesays,279,en
2882583145,kpmaestas0989,53,en
862431550390120450,itslizziebabie,272,en
2198875944,gracepen01,351,en
25655910,seanrooney,1332,en
56848238,AmirMW,2018,en
766736584183943168,JilliannJaee,1087,en
879791111975383041,RebeMccarthy,2768,en
1285823802,nascarguy10,111,en
354322288,_lanayyy,498,en
188962246,h_mar99,481,es
2266813274,BlasianTamia,300,en
1719405918,_MoMelanin,917,en
3390250797,rrfxagb,1916,en
486092663,cwhit0307,393,en
3226282347,thisisinsider,157190,en
163240111,Tee_Smoooth,1873,en
1496783341,antifamrrogers,94,en
2173988189,Richardjadkins,10669,en
362805544,_therealmarlee,2563,en
2381394596,Chaucerjr,1658,en
755504,alexandraerin,20886,en
335744385,KdeVosAuthor,3422,en
2366232152,ltsKermit,312895,en
131651580,hellyeahbonita,2033,en
2278267580,jacqatitagain,181,en
2798599802,trincollwbb,285,en
1038411121,peytonunderr,813,en
3002321746,JoeLercara,27,en
1628676205,Melissa_NTAP,685,en
32501175,IamAkademiks,697257,en
2497250954,jaguartdclub,178,en
853275891404869632,cabbageptchgrl,738,en
102518236,rexruler,1988,en
2735865813,myrudy32,323,en
2490904690,elsajustelsa,3428,en
293659938,AakashGandhi1,656,en
238850654,SlvmmGvmbino,1812,en
253780239,yolyyyn,600,en
1305591176,gabbilutz,450,en
600541550,ItzeelAguirre,222,es
3131368200,30SecKnockouts,334486,en
801037965610754049,KingAlexiis,44913,en
321674976,ohiogooniegirl,719,en
2289011137,_trillmarioox3,340,en
137885283,DaiIyPets,143675,en
619459336,MsMoseleyLHS,534,en
102827584,yvonnecarrasco,5469,en
264990891,Casey_Garrett,375,en
940606087,KidsOf2018,173800,en
3318354994,_NickyThomas,23989,en
344494405,RealCole_World,1052,en
1888644637,ImJustCoul,914,en
324346933,PolarMexico,4396,es
170551685,TJacks_,433,en
11134252,GOP,1483164,en
386788466,The_HelenKeller,795600,en
745372228854775808,OgCurved,263,en
2325926677,FratLifeDaiIy,43364,en
59601487,un_mexicano,587,es
17837036,SheppardAFB,4413,en
4180066667,WildoPierrePaul,3305,en
129829764,CrossingBroad,35195,en
381840058,bianey14_,656,en
2686779180,kendricsc,739,en
954165164,SelahJne,20946,en
27744454,cottoncandyfro,1147,en
1918891800,ltsPostMalone,238566,en
789500197491642368,YaBoyJersey,570,en
64570054,JoshMenschNFL,2169,en
105715305,SashaaPieterse,2023076,en
2517047056,_1uno,574,en
343638363,thebiglead,32047,en
54578210,mmayrising,543,en
3264949920,MaxKaiser75,7184,es
768557805284581376,xykvy,86,en
1249982359,SenateMajLdr,317941,en
296540738,yung_gleesh,44195,en
282309256,RusSwole,11575,en
59836566,sloanevans,1581,en
840956876351238144,PinkGawd,14760,en
3406938525,thebradfordfile,25871,en
827186757225611266,Trumpet1984,2241,en
167421802,BurgerKing,1566751,en
364973445,CelisDeportes,20067,en
72346599,collinkrum,1438,en
3434325791,loa_thesecret,129300,en
757404849914908672,shegayforjada,416,en
23818581,VICE,1838653,en
3153844428,rharrisonfries,15449,en
846098332124692480,Fit4MumsFstone,234,en
1668401526,StonewallTell,408,en
760730954,EndlessVertiGo,70,en
479583653,janetrfraser,1578,en
4028355914,72blazer_tim,18,en
462104542,chuckwoolery,297432,en
1049245586,Abbyyg37,4427,en
23885430,mattwhitlockPM,8316,en
805891429117489152,HRsarcaSM,1163,en
759352164,alanafrew,558,en
534415503,showboycj,5737,en
497918658,Ajdunn95,1055,en
1096381,dhalem,35,en
283680815,MikeyDonaruma,636,en
181936367,BreannaMorello,53490,en
615211487,LeadtoFeed,2458,en
2258523084,CaylaMaye,357,en
389039294,lowkeynokey,1059,en
1222986950,MHC_76,240,en
86344052,bballbreakdown,83450,en
2314512030,craveephat,1983,en
234577609,_itsBRITBRAT,9565,en
106910309,TheTropixs1,9658,en
351260120,DCampoamor,12070,en
831381660184764418,KutzBarstool,827,en
40927173,Yankees,2840580,en
3236221509,_PimpTee_,1790,en
14515799,brianstelter,532286,en
3287792876,AngeliccVirgo,30506,en
422312455,shawnee_gillham,993,en
2489149387,therealmbp_,494,en
267511848,Jacobmadison24,414,en
27934142,slmandel,175956,en
97009495,5starbasketball,88277,en
32666997,FatouSadio,3893,en
599208874,Robingnj,93,en
529589438,olskedy,343,en
28933718,iTrap4TheHokage,2142,en
803326147,gocougslinds,222,en
859517755719950336,Melissa83201503,928,en
28353263,_DukeWilliams,913,en
361893771,_PaolaMassiel,336,en
2717348751,brendanflynn101,166,en
45905243,CoachCoreyNIC,434,en
14202817,scalzi,129993,en
826836136161054722,beechboyp,156,en
846040178,iLeroyHolmes,622,en
2376578897,JDB2k16,517,en
833663047,phillygrants,2839,en
373729918,notdejon,1728,en
2176952706,summer_connell,818,en
2994799338,KeeyaanX,38894,en
760542302,neBdlonrA,343,en
529607188,xkittykatcaitx,523,en
784139599236911104,pedrogzzc,96,en
1102877420,zoe_ba_bowie,553,en
1488520376,miss_vo,755,en
274162219,ShawTVThompson,8357,en
569549300,coachcfrank,99,en
775520966474551298,rebeccaaa_16,203,en
339671471,_damnhoe,5388,en
544874646,MySideRule,208,en
1687110774,Dinorah_gl,24,es
760562257994608640,joe_williamssss,361,en
314001085,NikiLeeTompkins,13755,en
3069168857,622Ron,992,en
38945972,skylar_dudley_8,555,en
1858509253,keiyaaadoeee,870,en
18956020,JackBox,89567,en
875192303111073793,AMAAMPODCAST,5,en
794340056265670656,21_bukky,289,en
14387490,malexis02,98,en
586685768,willgriffinnig,1236,en
33448866,Dee__Emm,1333,en
260080364,th0tcouture,11601,en
1304304656,mitchellea10,116,en
2730503151,jazzy_jonez14,364,en
892439656775782404,Tattooed_idgaf,516,en
751611933984485376,Isaiah_Blake21,217,en
635991508,Trigga51,1569,en
1909211197,kevin_quinones,357,en
331003396,kristen_shilton,38798,en
933705300,NeeleyNorman,725,en
1138297646,WanDaFlippa,1513,en
280850136,BootyButtNaked,7526,en
3538276037,SinonLisa,127,en
542961492,strawn_04,2442,en
207783084,JRHtweet1,91,en
3233402826,OfficialWith1D,204655,en
27421147,DJSNAPNYC,23687,en
868660676,PeytonLara46,282,en
3019779493,_alwayssautumn,467,en
716744886196834304,XoYaneerah,885,en
857445764,MetroNewsCanada,13963,en
245639574,lizshanti,1156,en
3394086494,_nayleee,669,en
43864411,FiftySix2Seven,555,en
702852841879293952,agentcrusher,265,en
374892928,Pisces_ofMe,899,en
2531829048,Matt__Cota,1079,en
762465877,caitlin_PR,179,en
354347533,mymixtapez,166327,en
418402030,trevontaylor45,925,en
770357429020332032,royse_dana,1023,en
624215319,Luvdisc1999,755,en
2738642559,Fabianski_18,1103,en
148593732,DeionGottaSTFU,6395,en
269962865,dansaysget,1016,en
1271563202,tanner_vote,442,en
122460379,anascott1,860,en
3072881386,mfishbein44,69,en
542193069,920internetgrl,790,en
23450304,JessieJDecker,596478,en
2755476052,dubii__,183,en
23826155,xDIAMONDCUTx,23413,en
1378000488,OriginalFunko,599817,en
829762239854964736,MiloYiannopfans,4422,en
156692504,JPW_NBCSports,17133,en
